sensor_id,timestamp,sound_wave,crack_detected,normalized_wave
Sensor_1,2024-01-01 00:00:00,6.07359086792739,False,0.2813840999491464
Sensor_2,2024-01-01 01:00:00,8.109308947429232,False,1.022157294229815
Sensor_3,2024-01-01 02:00:00,2.4815777753236565,False,-1.0257060316849878
Sensor_4,2024-01-01 03:00:00,8.14823797973359,False,1.036323098375648
Sensor_5,2024-01-01 04:00:00,4.3385005829516965,True,-0.34999427493924945
Sensor_6,2024-01-01 05:00:00,2.3675092521330185,False,-1.0672141880164798
Sensor_7,2024-01-01 06:00:00,9.830820205383619,True,1.6485944253757283
Sensor_8,2024-01-01 07:00:00,3.74577298246525,False,-0.5656806818007077
Sensor_9,2024-01-01 08:00:00,6.8230249910146545,True,0.5540941155708269
Sensor_10,2024-01-01 09:00:00,6.980774710923506,True,0.6114973312176402
Sensor_11,2024-01-01 10:00:00,4.516088020678733,False,-0.28537235364582153
Sensor_12,2024-01-01 11:00:00,6.219607344844316,False,0.33451773034350324
Sensor_13,2024-01-01 12:00:00,7.78811638460436,False,0.9052792043121785
Sensor_14,2024-01-01 13:00:00,7.6091868764748005,True,0.8401689198268935
Sensor_15,2024-01-01 14:00:00,3.200931620645757,True,-0.7639418654268906
Sensor_16,2024-01-01 15:00:00,8.976432919350765,False,1.337693222797508
Sensor_17,2024-01-01 16:00:00,9.474836592959505,False,1.5190562931843041
Sensor_18,2024-01-01 17:00:00,1.9759251856397648,False,-1.2097068949813876
Sensor_19,2024-01-01 18:00:00,5.113415493369952,True,-0.06801210890832214
Sensor_20,2024-01-01 19:00:00,4.736833360724118,False,-0.2050457935417784
Sensor_21,2024-01-01 20:00:00,5.424958052057801,False,0.04535446118671037
Sensor_22,2024-01-01 21:00:00,5.48175783897138,False,0.06602321685091798
Sensor_23,2024-01-01 22:00:00,8.050384991061868,False,1.0007155789857334
Sensor_24,2024-01-01 23:00:00,8.097119835955285,True,1.0177218239488766
Sensor_25,2024-01-02 00:00:00,8.690676426743542,True,1.2337098903574417
Sensor_26,2024-01-02 01:00:00,5.488198556858628,False,0.06836691621225822
Sensor_27,2024-01-02 02:00:00,5.439110474222417,False,0.05050435648864571
Sensor_28,2024-01-02 03:00:00,7.40600810312006,True,0.7662346209357376
Sensor_29,2024-01-02 04:00:00,3.7902938683916974,True,-0.5494800697355979
Sensor_30,2024-01-02 05:00:00,9.03751014721299,False,1.359918487502324
Sensor_31,2024-01-02 06:00:00,4.194932704434966,True,-0.4022368899829604
Sensor_32,2024-01-02 07:00:00,1.9885393562663443,False,-1.205116750814402
Sensor_33,2024-01-02 08:00:00,9.952496979259966,False,1.692871132136718
Sensor_34,2024-01-02 09:00:00,6.480897246008793,True,0.42959796599492245
Sensor_35,2024-01-02 10:00:00,7.582708182113646,False,0.8305336431155457
Sensor_36,2024-01-02 11:00:00,1.0886394336171055,False,-1.5325794515420643
Sensor_37,2024-01-02 12:00:00,1.8771216984502952,False,-1.2456602892889743
Sensor_38,2024-01-02 13:00:00,6.946062154677747,True,0.5988658517260834
Sensor_39,2024-01-02 14:00:00,5.4026345042797335,False,0.03723119207506461
Sensor_40,2024-01-02 15:00:00,4.793355536494087,True,-0.1844780572160001
Sensor_41,2024-01-02 16:00:00,3.136629015038746,False,-0.7873408060934353
Sensor_42,2024-01-02 17:00:00,4.771381542640238,True,-0.19247412788124804
Sensor_43,2024-01-02 18:00:00,2.925339603083084,False,-0.8642264683018196
Sensor_44,2024-01-02 19:00:00,8.460412799858048,True,1.1499197407624842
Sensor_45,2024-01-02 20:00:00,4.896682957143072,False,-0.14687845822355963
Sensor_46,2024-01-02 21:00:00,1.806529077921715,False,-1.271348090329871
Sensor_47,2024-01-02 22:00:00,9.593226788592801,True,1.5621370538622517
Sensor_48,2024-01-02 23:00:00,3.2824563866646432,True,-0.7342759888279203
Sensor_49,2024-01-03 00:00:00,7.682421048997825,False,0.866817949698288
Sensor_50,2024-01-03 01:00:00,5.918327838363385,False,0.22488576085104942
Sensor_51,2024-01-03 02:00:00,0.7538117658133083,False,-1.654419191292895
Sensor_52,2024-01-03 03:00:00,1.1145375352021876,False,-1.5231554455217016
Sensor_53,2024-01-03 04:00:00,9.465726103142638,False,1.5157410960992765
Sensor_54,2024-01-03 05:00:00,2.946304552092746,False,-0.856597576854523
Sensor_55,2024-01-03 06:00:00,7.657136617843774,True,0.857617250927592
Sensor_56,2024-01-03 07:00:00,3.094862219867659,False,-0.8025392378337102
Sensor_57,2024-01-03 08:00:00,2.1095653804797827,False,-1.1610768439872166
Sensor_58,2024-01-03 09:00:00,1.0298016486256127,False,-1.553989810064406
Sensor_59,2024-01-03 10:00:00,9.700475596550147,False,1.601163598280818
Sensor_60,2024-01-03 11:00:00,9.822089595235738,False,1.6454174619089366
Sensor_61,2024-01-03 12:00:00,1.9256487590353297,False,-1.2280018787061966
Sensor_62,2024-01-03 13:00:00,9.949880874129,False,1.69191916311215
Sensor_63,2024-01-03 14:00:00,6.968659750591544,False,0.6070888436406731
Sensor_64,2024-01-03 15:00:00,0.6113051955039763,False,-1.7062756091127236
Sensor_65,2024-01-03 16:00:00,2.2479399258521067,False,-1.1107240200796569
Sensor_66,2024-01-03 17:00:00,5.8199786450294075,True,0.1890976785843903
Sensor_67,2024-01-03 18:00:00,5.1961764850567285,False,-0.03789638473660787
Sensor_68,2024-01-03 19:00:00,3.5802882607601205,False,-0.6258985710735456
Sensor_69,2024-01-03 20:00:00,0.7310373877021462,False,-1.6627065121115465
Sensor_70,2024-01-03 21:00:00,8.04830982329485,True,0.999960450527171
Sensor_71,2024-01-03 22:00:00,9.479576371485756,False,1.5207810412790563
Sensor_72,2024-01-03 23:00:00,4.41775928967756,False,-0.32115298991699315
Sensor_73,2024-01-04 00:00:00,8.452324744487948,True,1.1469765952098867
Sensor_74,2024-01-04 01:00:00,4.541004075062499,False,-0.27630570272761096
Sensor_75,2024-01-04 02:00:00,6.295659676886614,False,0.3621922543882342
Sensor_76,2024-01-04 03:00:00,6.965525260336246,False,0.605948240537405
Sensor_77,2024-01-04 04:00:00,1.186712437493839,False,-1.496891871279356
Sensor_78,2024-01-04 05:00:00,3.7935060039894175,True,-0.5483112124310697
Sensor_79,2024-01-04 06:00:00,8.42207186997174,True,1.1359679399755491
Sensor_80,2024-01-04 07:00:00,1.9293773099344373,False,-1.22664510411772
Sensor_81,2024-01-04 08:00:00,3.0705828595956888,False,-0.8113742034632142
Sensor_82,2024-01-04 09:00:00,5.954199296970504,False,0.2379389508990571
Sensor_83,2024-01-04 10:00:00,6.212867613302681,False,0.33206522352885
Sensor_84,2024-01-04 11:00:00,1.5757235456892809,False,-1.355335432728141
Sensor_85,2024-01-04 12:00:00,1.383711860276736,False,-1.4252061633437831
Sensor_86,2024-01-04 13:00:00,7.084040542125795,True,0.6490745185551359
Sensor_87,2024-01-04 14:00:00,4.80195214359122,False,-0.18134985583908012
Sensor_88,2024-01-04 15:00:00,6.093509251914127,True,0.28863215903912365
Sensor_89,2024-01-04 16:00:00,3.560021975289595,False,-0.6332732273068286
Sensor_90,2024-01-04 17:00:00,0.659096053954978,False,-1.6888850935847448
Sensor_91,2024-01-04 18:00:00,2.216518479272582,False,-1.1221579045580665
Sensor_92,2024-01-04 19:00:00,2.0275248498247036,False,-1.1909304011009383
Sensor_93,2024-01-04 20:00:00,4.1427597986880595,True,-0.4212219795364696
Sensor_94,2024-01-04 21:00:00,6.056041769013137,False,0.2749981950488768
Sensor_95,2024-01-04 22:00:00,3.0348168155404744,False,-0.8243890344304018
Sensor_96,2024-01-04 23:00:00,8.557975762168452,False,1.1854217230663637
Sensor_97,2024-01-05 00:00:00,2.3778601133513626,False,-1.0634476347763844
Sensor_98,2024-01-05 01:00:00,2.0311713744003974,False,-1.1896034748997322
Sensor_99,2024-01-05 02:00:00,8.580945286386767,False,1.1937800551938025
Sensor_100,2024-01-05 03:00:00,5.961970137951963,True,0.24076666597122012
Sensor_101,2024-01-05 04:00:00,1.9549440877678987,False,-1.2173416628043767
Sensor_102,2024-01-05 05:00:00,4.965730936176981,False,-0.12175273354556776
Sensor_103,2024-01-05 06:00:00,2.5774209979970717,False,-0.990829841840806
Sensor_104,2024-01-05 07:00:00,4.981155715834129,False,-0.1161398427367888
Sensor_105,2024-01-05 08:00:00,9.82625421040668,False,1.6469329150132697
Sensor_106,2024-01-05 09:00:00,9.234764430205825,True,1.4316969359866556
Sensor_107,2024-01-05 10:00:00,9.864689021234353,True,1.6609188779396078
Sensor_108,2024-01-05 11:00:00,7.76663593745889,True,0.897462729326398
Sensor_109,2024-01-05 12:00:00,2.6521957587005054,False,-0.9636202105585561
Sensor_110,2024-01-05 13:00:00,6.528964622851432,False,0.4470891032221007
Sensor_111,2024-01-05 14:00:00,8.239537856806344,True,1.0695460196915338
Sensor_112,2024-01-05 15:00:00,0.5642844326831016,False,-1.723385896152497
Sensor_113,2024-01-05 16:00:00,6.531039394220769,True,0.44784408743634013
Sensor_114,2024-01-05 17:00:00,9.339951097250951,False,1.4699730922616066
Sensor_115,2024-01-05 18:00:00,9.175066034162706,False,1.4099734115086908
Sensor_116,2024-01-05 19:00:00,2.245814932609247,True,-1.1114972794264144
Sensor_117,2024-01-05 20:00:00,9.167184430218233,False,1.4071053911335756
Sensor_118,2024-01-05 21:00:00,8.999754316912579,False,1.3461795973799755
Sensor_119,2024-01-05 22:00:00,7.535966468793271,True,0.8135248988148817
Sensor_120,2024-01-05 23:00:00,6.924916595475941,False,0.5911712384137109
Sensor_121,2024-01-06 00:00:00,4.646656767077607,False,-0.23785996560101683
Sensor_122,2024-01-06 01:00:00,9.401787297100164,False,1.4924745376953907
Sensor_123,2024-01-06 02:00:00,5.398195739389496,True,0.03561597920275622
Sensor_124,2024-01-06 03:00:00,9.93015842621836,False,1.6847424027911069
Sensor_125,2024-01-06 04:00:00,1.5331726651386506,True,-1.370819183657277
Sensor_126,2024-01-06 05:00:00,6.569655130805759,False,0.4618958870581052
Sensor_127,2024-01-06 06:00:00,8.489891560680501,False,1.1606467053838467
Sensor_128,2024-01-06 07:00:00,8.398198401950054,False,1.1272806736280847
Sensor_129,2024-01-06 08:00:00,2.0478715167436747,False,-1.183526495030497
Sensor_130,2024-01-06 09:00:00,3.691978716577421,True,-0.5852557647048504
Sensor_131,2024-01-06 10:00:00,7.376700221951182,False,0.7555698373541228
Sensor_132,2024-01-06 11:00:00,0.9712992751226469,False,-1.5752781164016951
Sensor_133,2024-01-06 12:00:00,1.7861542516096371,True,-1.278762243262975
Sensor_134,2024-01-06 13:00:00,8.923824333771554,False,1.3185495946210384
Sensor_135,2024-01-06 14:00:00,3.520726253973692,False,-0.6475724651501491
Sensor_136,2024-01-06 15:00:00,5.6142721512567935,False,0.11424357279705805
Sensor_137,2024-01-06 16:00:00,8.796619728769494,False,1.2722613769530764
Sensor_138,2024-01-06 17:00:00,2.2891649079482965,False,-1.0957227475660136
Sensor_139,2024-01-06 18:00:00,4.656104652280216,False,-0.2344219944147285
Sensor_140,2024-01-06 19:00:00,6.855821480544038,True,0.566028361552382
Sensor_141,2024-01-06 20:00:00,8.168880717525175,False,1.0438347410566977
Sensor_142,2024-01-06 21:00:00,4.883387309807233,False,-0.1517165835249808
Sensor_143,2024-01-06 22:00:00,9.87552678940309,False,1.664862610731524
Sensor_144,2024-01-06 23:00:00,2.0292237781628444,False,-1.1903121816212514
Sensor_145,2024-01-07 00:00:00,7.683968454114971,True,0.8673810317099949
Sensor_146,2024-01-07 01:00:00,1.41164643350548,True,-1.4150411099162539
Sensor_147,2024-01-07 02:00:00,6.125895635906174,True,0.30041717257442596
Sensor_148,2024-01-07 03:00:00,9.65020814788379,False,1.5828718815191192
Sensor_149,2024-01-07 04:00:00,2.615781860064349,False,-0.9768707879742259
Sensor_150,2024-01-07 05:00:00,6.445659917990426,False,0.41677552840058285
Sensor_151,2024-01-07 06:00:00,6.65152419075381,False,0.49168704805487445
Sensor_152,2024-01-07 07:00:00,6.38721967032575,True,0.39550982890465425
Sensor_153,2024-01-07 08:00:00,3.640259617164449,True,-0.6040757196206323
Sensor_154,2024-01-07 09:00:00,4.880542555578206,False,-0.15275175519162712
Sensor_155,2024-01-07 10:00:00,3.871944650859969,True,-0.519768337274422
Sensor_156,2024-01-07 11:00:00,3.58378311862013,True,-0.6246268345563017
Sensor_157,2024-01-07 12:00:00,8.665767487633904,False,1.224645828601452
Sensor_158,2024-01-07 13:00:00,2.7443419731589644,True,-0.9300893173014859
Sensor_159,2024-01-07 14:00:00,1.3700262348773777,True,-1.4301861969471061
Sensor_160,2024-01-07 15:00:00,4.129957230575404,False,-0.42588067927063333
Sensor_161,2024-01-07 16:00:00,5.952427428214793,False,0.23729418928337415
Sensor_162,2024-01-07 17:00:00,6.444718044091277,True,0.4164327918773347
Sensor_163,2024-01-07 18:00:00,6.570342934236264,True,0.4621461704099024
Sensor_164,2024-01-07 19:00:00,7.037967496179302,False,0.6323090942266477
Sensor_165,2024-01-07 20:00:00,8.764656706262002,False,1.2606304195429356
Sensor_166,2024-01-07 21:00:00,3.860034336883548,False,-0.5241023565170856
Sensor_167,2024-01-07 22:00:00,5.611249897960322,False,0.11314381136599572
Sensor_168,2024-01-07 23:00:00,9.792428350233353,False,1.634624093501001
Sensor_169,2024-01-08 00:00:00,2.5947094946095,False,-0.9845387669671021
Sensor_170,2024-01-08 01:00:00,5.7683736124830585,False,0.17031923122213496
Sensor_171,2024-01-08 02:00:00,5.949214504741036,False,0.2361250452802829
Sensor_172,2024-01-08 03:00:00,1.118922312225233,False,-1.5215598781814712
Sensor_173,2024-01-08 04:00:00,1.885691360210661,False,-1.2425418929942946
Sensor_174,2024-01-08 05:00:00,8.601050558646522,False,1.2010961206665747
Sensor_175,2024-01-08 06:00:00,5.562401844619531,False,0.09536859540067648
Sensor_176,2024-01-08 07:00:00,6.316621686621535,False,0.3698200762689928
Sensor_177,2024-01-08 08:00:00,1.7061010108343337,False,-1.3078926496187278
Sensor_178,2024-01-08 09:00:00,2.4312230785652664,False,-1.0440294969724184
Sensor_179,2024-01-08 10:00:00,2.320325232353736,True,-1.0843838822893994
Sensor_180,2024-01-08 11:00:00,4.134224042249082,False,-0.4243280380946617
Sensor_181,2024-01-08 12:00:00,4.337732918717553,False,-0.3502736186718556
Sensor_182,2024-01-08 13:00:00,1.7022218164174425,False,-1.309304241561822
Sensor_183,2024-01-08 14:00:00,5.70265667838496,False,0.14640563351901226
Sensor_184,2024-01-08 15:00:00,9.373843970214986,False,1.48230629891813
Sensor_185,2024-01-08 16:00:00,9.008090748965627,False,1.349213124204255
Sensor_186,2024-01-08 17:00:00,3.0561351909272334,False,-0.8166315353979285
Sensor_187,2024-01-08 18:00:00,6.876852970696814,False,0.5736814665170766
Sensor_188,2024-01-08 19:00:00,0.92239017148535,False,-1.5930755478317242
Sensor_189,2024-01-08 20:00:00,6.658923840770167,False,0.4943796912230861
Sensor_190,2024-01-08 21:00:00,2.3967569172196193,False,-1.056571316339104
Sensor_191,2024-01-08 22:00:00,1.9298872969836198,False,-1.2264595259970221
Sensor_192,2024-01-08 23:00:00,6.313582749727448,False,0.36871424387848767
Sensor_193,2024-01-09 00:00:00,3.803908679078903,False,-0.5445258047497724
Sensor_194,2024-01-09 01:00:00,0.9518397986351206,False,-1.5823591846015814
Sensor_195,2024-01-09 02:00:00,8.300068366516198,False,1.0915723402713355
Sensor_196,2024-01-09 03:00:00,7.332162589260351,False,0.7393631313439468
Sensor_197,2024-01-09 04:00:00,5.507055321479463,False,0.07522866485153573
Sensor_198,2024-01-09 05:00:00,5.1739494237911865,False,-0.04598454357301061
Sensor_199,2024-01-09 06:00:00,5.824357848431301,True,0.190691217751277
Sensor_200,2024-01-09 07:00:00,2.2791580492017265,True,-1.0993641224661304
Sensor_201,2024-01-09 08:00:00,4.8657794527887015,False,-0.15812386978892495
Sensor_202,2024-01-09 09:00:00,1.4672728966134896,True,-1.3947993125976683
Sensor_203,2024-01-09 10:00:00,4.707202876105222,False,-0.21582796861810094
Sensor_204,2024-01-09 11:00:00,6.870816128782418,False,0.5714847327387979
Sensor_205,2024-01-09 12:00:00,9.644503217838265,True,1.580795926456616
Sensor_206,2024-01-09 13:00:00,7.890588940109701,False,0.9425677282154342
Sensor_207,2024-01-09 14:00:00,9.905713180239337,False,1.6758470733586102
Sensor_208,2024-01-09 15:00:00,7.754602882536751,False,0.8930840461377075
Sensor_209,2024-01-09 16:00:00,7.367844348992108,True,0.7523472922649507
Sensor_210,2024-01-09 17:00:00,7.843928996413373,False,0.925588738892245
Sensor_211,2024-01-09 18:00:00,6.697091313015871,False,0.5082683728719655
Sensor_212,2024-01-09 19:00:00,4.8855791244885145,False,-0.1509190086647519
Sensor_213,2024-01-09 20:00:00,2.5812951622074483,False,-0.9894200803290397
Sensor_214,2024-01-09 21:00:00,9.149596590878541,False,1.4007053890609178
Sensor_215,2024-01-09 22:00:00,6.661341567156234,True,0.49525947262107906
Sensor_216,2024-01-09 23:00:00,2.9028981064602037,True,-0.8723926575719164
Sensor_217,2024-01-10 00:00:00,1.351823621189147,True,-1.4368099079716639
Sensor_218,2024-01-10 01:00:00,0.5040210610194844,True,-1.7453150084273683
Sensor_219,2024-01-10 02:00:00,9.207842348912523,False,1.4219003161319048
Sensor_220,2024-01-10 03:00:00,7.705423804216678,False,0.8751883741850105
Sensor_221,2024-01-10 04:00:00,4.375840698479214,False,-0.33640665839614875
Sensor_222,2024-01-10 05:00:00,1.3819940071100802,False,-1.4258312693397373
Sensor_223,2024-01-10 06:00:00,2.394297061973834,False,-1.0574664279197479
Sensor_224,2024-01-10 07:00:00,1.9837788128332043,False,-1.206849055007693
Sensor_225,2024-01-10 08:00:00,4.055596526858004,False,-0.45293964022222866
Sensor_226,2024-01-10 09:00:00,8.574809580404528,True,1.191547345976649
Sensor_227,2024-01-10 10:00:00,0.9603421927758624,False,-1.5792652661803175
Sensor_228,2024-01-10 11:00:00,3.9051782224119904,False,-0.5076750424297988
Sensor_229,2024-01-10 12:00:00,5.016894208973816,False,-0.1031350372146303
Sensor_230,2024-01-10 13:00:00,8.99946202193171,True,1.3460732347707167
Sensor_231,2024-01-10 14:00:00,7.187609802603399,False,0.686762120137009
Sensor_232,2024-01-10 15:00:00,2.065913280564057,True,-1.1769613153279357
Sensor_233,2024-01-10 16:00:00,4.789783796217455,False,-0.18577777031503054
Sensor_234,2024-01-10 17:00:00,3.0012676630829516,True,-0.836597165350696
Sensor_235,2024-01-10 18:00:00,7.446337440850644,False,0.7809099792944053
Sensor_236,2024-01-10 19:00:00,9.575069275983937,False,1.5555297545751365
Sensor_237,2024-01-10 20:00:00,2.901094411670198,False,-0.873049000296655
Sensor_238,2024-01-10 21:00:00,8.291618131751008,False,1.0884974020161509
Sensor_239,2024-01-10 22:00:00,0.8073634637089446,False,-1.6349323759481045
Sensor_240,2024-01-10 23:00:00,6.357569310482061,False,0.3847204214743505
Sensor_241,2024-01-11 00:00:00,6.5448608497433245,False,0.4528735479791071
Sensor_242,2024-01-11 01:00:00,5.67053193132428,True,0.13471582649945604
Sensor_243,2024-01-11 02:00:00,9.84905821334942,True,1.6552310159499244
Sensor_244,2024-01-11 03:00:00,4.960102969593016,True,-0.12380068253501185
Sensor_245,2024-01-11 04:00:00,2.5143525335119814,False,-1.0137796934756798
Sensor_246,2024-01-11 05:00:00,7.969343027037197,False,0.9712253881946659
Sensor_247,2024-01-11 06:00:00,1.307643015662911,True,-1.4528866961136313
Sensor_248,2024-01-11 07:00:00,4.358971907745705,True,-0.3425450073753806
Sensor_249,2024-01-11 08:00:00,3.3003072599934047,True,-0.7277802718671111
Sensor_250,2024-01-11 09:00:00,0.8551897241868675,True,-1.6175289780505924
Sensor_251,2024-01-11 10:00:00,8.960610204739439,False,1.3319355282705272
Sensor_252,2024-01-11 11:00:00,1.2070394093566725,False,-1.489495132001701
Sensor_253,2024-01-11 12:00:00,0.9666972075275531,False,-1.5769527531537286
Sensor_254,2024-01-11 13:00:00,4.976956047692093,False,-0.1176680511934607
Sensor_255,2024-01-11 14:00:00,8.712382139894421,False,1.2416083369187907
Sensor_256,2024-01-11 15:00:00,8.438870228790247,True,1.142080659632538
Sensor_257,2024-01-11 16:00:00,0.8567151841887845,True,-1.616973881600968
Sensor_258,2024-01-11 17:00:00,1.0252585168390698,True,-1.5556430007883295
Sensor_259,2024-01-11 18:00:00,4.0242554846894745,False,-0.4643442665076856
Sensor_260,2024-01-11 19:00:00,8.504751801752786,False,1.1660541674277025
Sensor_261,2024-01-11 20:00:00,9.886055935955962,False,1.6686940398491206
Sensor_262,2024-01-11 21:00:00,9.190840796093166,False,1.4157136566349235
Sensor_263,2024-01-11 22:00:00,7.087784841939663,False,0.6504370239832659
Sensor_264,2024-01-11 23:00:00,0.808568745183986,False,-1.6344937885929773
Sensor_265,2024-01-12 00:00:00,6.447724883573537,False,0.41752694440778126
Sensor_266,2024-01-12 01:00:00,2.974354772698557,False,-0.8463904407448272
Sensor_267,2024-01-12 02:00:00,7.766204687895913,False,0.8973058028248773
Sensor_268,2024-01-12 03:00:00,1.3016051846666055,False,-1.4550837898068574
Sensor_269,2024-01-12 04:00:00,0.8107264368700309,True,-1.6337086306781174
Sensor_270,2024-01-12 05:00:00,9.435072941743076,False,1.5045867813081486
Sensor_271,2024-01-12 06:00:00,4.8934222861746335,False,-0.1480649769626275
Sensor_272,2024-01-12 07:00:00,4.490768687570904,False,-0.29458575281548083
Sensor_273,2024-01-12 08:00:00,6.896774249557516,False,0.5809305790166862
Sensor_274,2024-01-12 09:00:00,8.740181792989762,False,1.2517242945411593
Sensor_275,2024-01-12 10:00:00,4.536149473026196,False,-0.27807223370928497
Sensor_276,2024-01-12 11:00:00,6.153432618843011,False,0.31043754770218673
Sensor_277,2024-01-12 12:00:00,9.17840765841499,False,1.411189388168905
Sensor_278,2024-01-12 13:00:00,9.01912414895393,False,1.353228045049833
Sensor_279,2024-01-12 14:00:00,1.9678249692279954,False,-1.2126544657900036
Sensor_280,2024-01-12 15:00:00,3.1236943708426774,True,-0.7920475667173573
Sensor_281,2024-01-12 16:00:00,7.095887937145305,True,0.6533856423501629
Sensor_282,2024-01-12 17:00:00,4.609297475484918,True,-0.25145456008236633
Sensor_283,2024-01-12 18:00:00,3.942422877669737,False,-0.4941221627246115
Sensor_284,2024-01-12 19:00:00,2.857674249996031,False,-0.8888490721157484
Sensor_285,2024-01-12 20:00:00,9.142708740692575,False,1.3981989836625661
Sensor_286,2024-01-12 21:00:00,4.15343838488833,True,-0.4173361711381322
Sensor_287,2024-01-12 22:00:00,2.368849687315829,False,-1.066726419861304
Sensor_288,2024-01-12 23:00:00,7.266971958526279,False,0.7156410490712052
Sensor_289,2024-01-13 00:00:00,8.598018713838487,True,1.19999286900043
Sensor_290,2024-01-13 01:00:00,8.993789276095042,True,1.3440089911526618
Sensor_291,2024-01-13 02:00:00,2.614400277630376,True,-0.9773735291165686
Sensor_292,2024-01-13 03:00:00,9.753162603821073,False,1.620335763162668
Sensor_293,2024-01-13 04:00:00,3.7864616354134872,True,-0.5508745729789897
Sensor_294,2024-01-13 05:00:00,6.296146874615833,True,0.3623695397509542
Sensor_295,2024-01-13 06:00:00,4.8045838649300885,False,-0.18039220426527897
Sensor_296,2024-01-13 07:00:00,8.652118698731954,True,1.2196791993541283
Sensor_297,2024-01-13 08:00:00,0.7954107441511826,False,-1.6392818260690716
Sensor_298,2024-01-13 09:00:00,7.724947941823241,True,0.8822929717842656
Sensor_299,2024-01-13 10:00:00,9.974930514833998,False,1.7010344244773998
Sensor_300,2024-01-13 11:00:00,5.529229096543334,True,0.08329743348345969
Sensor_301,2024-01-13 12:00:00,9.070141332881773,False,1.3717925814077756
Sensor_302,2024-01-13 13:00:00,8.728880900688695,False,1.2476120364773453
Sensor_303,2024-01-13 14:00:00,4.219855780577635,True,-0.39316768393158846
Sensor_304,2024-01-13 15:00:00,1.5515008285944027,True,-1.364149786590401
Sensor_305,2024-01-13 16:00:00,0.5092340015923468,True,-1.7434180823850847
Sensor_306,2024-01-13 17:00:00,9.348579970761051,False,1.4731130349960566
Sensor_307,2024-01-13 18:00:00,3.3389866223379343,False,-0.7137053196007795
Sensor_308,2024-01-13 19:00:00,1.9224691903338802,False,-1.2291588853109539
Sensor_309,2024-01-13 20:00:00,1.206554581723307,False,-1.4896715549151973
Sensor_310,2024-01-13 21:00:00,4.819504127748177,False,-0.17496290103387724
Sensor_311,2024-01-13 22:00:00,0.7187545299277605,False,-1.6671760955376829
Sensor_312,2024-01-13 23:00:00,4.594024851038385,False,-0.2570120834497846
Sensor_313,2024-01-14 00:00:00,7.2261853092073,False,0.7007992805550957
Sensor_314,2024-01-14 01:00:00,5.11621676673883,True,-0.0669927594009359
Sensor_315,2024-01-14 02:00:00,3.5116810547408646,False,-0.6508639037811045
Sensor_316,2024-01-14 03:00:00,6.09536709676971,True,0.2893082063179713
Sensor_317,2024-01-14 04:00:00,0.5401606561531583,False,-1.7321642467395155
Sensor_318,2024-01-14 05:00:00,2.210655512178445,False,-1.1242913673916575
Sensor_319,2024-01-14 06:00:00,1.3921642533914846,True,-1.4221304396912917
Sensor_320,2024-01-14 07:00:00,5.223245593250473,False,-0.02804626357055911
Sensor_321,2024-01-14 08:00:00,9.969292516853123,False,1.698982825183915
Sensor_322,2024-01-14 09:00:00,2.701356794775589,True,-0.9457311039606531
Sensor_323,2024-01-14 10:00:00,2.6242725993190383,False,-0.9737811106250718
Sensor_324,2024-01-14 11:00:00,6.8542536271743195,False,0.5654578386688134
Sensor_325,2024-01-14 12:00:00,5.201609322587647,False,-0.03591944085016802
Sensor_326,2024-01-14 13:00:00,4.967619964735407,True,-0.12106533889431273
Sensor_327,2024-01-14 14:00:00,9.954833400435382,False,1.6937213275516554
Sensor_328,2024-01-14 15:00:00,2.2596711211385356,False,-1.106455179962471
Sensor_329,2024-01-14 16:00:00,4.036182891709457,False,-0.4600040273131504
Sensor_330,2024-01-14 17:00:00,5.627107468042125,False,0.11891418937722852
Sensor_331,2024-01-14 18:00:00,9.294034744330236,False,1.4532646866305479
Sensor_332,2024-01-14 19:00:00,1.1006977900864268,False,-1.5281915614262875
Sensor_333,2024-01-14 20:00:00,4.81470095430168,False,-0.17671071777356862
Sensor_334,2024-01-14 21:00:00,7.206252737442157,True,0.693546058704108
Sensor_335,2024-01-14 22:00:00,2.8204687467409033,False,-0.9023877048805883
Sensor_336,2024-01-14 23:00:00,8.390051947572513,True,1.12431627738281
Sensor_337,2024-01-15 00:00:00,3.798705529704844,False,-0.5464191678932016
Sensor_338,2024-01-15 01:00:00,8.780104418846047,False,1.2662516553665193
Sensor_339,2024-01-15 02:00:00,1.8981825828459604,True,-1.2379964881147123
Sensor_340,2024-01-15 03:00:00,5.574575851533118,False,0.09979856931473612
Sensor_341,2024-01-15 04:00:00,8.885751074152706,True,1.3046951958079016
Sensor_342,2024-01-15 05:00:00,0.7397789984357301,False,-1.659525545664631
Sensor_343,2024-01-15 06:00:00,3.401882457175371,False,-0.6908182858073386
Sensor_344,2024-01-15 07:00:00,9.787249787501986,False,1.6327396771395588
Sensor_345,2024-01-15 08:00:00,0.9033058538249431,True,-1.6000201002706484
Sensor_346,2024-01-15 09:00:00,9.441572256043562,False,1.5069518031957485
Sensor_347,2024-01-15 10:00:00,2.295649001656897,False,-1.093363264267761
Sensor_348,2024-01-15 11:00:00,8.826610891850798,False,1.2831747985607318
Sensor_349,2024-01-15 12:00:00,8.775496804375868,True,1.2645750001737117
Sensor_350,2024-01-15 13:00:00,5.2239771401040995,False,-0.02778006251601062
Sensor_351,2024-01-15 14:00:00,4.455849802098819,True,-0.3072923130176712
Sensor_352,2024-01-15 15:00:00,5.32643645455601,True,0.009503643128005793
Sensor_353,2024-01-15 16:00:00,7.610249935771322,False,0.8405557542509345
Sensor_354,2024-01-15 17:00:00,2.522772932521963,False,-1.0107156120910568
Sensor_355,2024-01-15 18:00:00,0.8833218026049374,False,-1.6072920548727976
Sensor_356,2024-01-15 19:00:00,3.7856534668413024,False,-0.5511686557504514
Sensor_357,2024-01-15 20:00:00,5.006477673428792,True,-0.10692548854810449
Sensor_358,2024-01-15 21:00:00,5.039873569309418,False,-0.09477312584304375
Sensor_359,2024-01-15 22:00:00,1.4972742783085824,False,-1.3838821725600134
Sensor_360,2024-01-15 23:00:00,6.664277333118793,False,0.4963277623570908
Sensor_361,2024-01-16 00:00:00,9.03583941892999,True,1.3593105296817227
Sensor_362,2024-01-16 01:00:00,5.862009876643323,True,0.20439233554878186
Sensor_363,2024-01-16 02:00:00,1.0741034385828556,False,-1.5378689243732946
Sensor_364,2024-01-16 03:00:00,4.034010254191211,True,-0.460794623835631
Sensor_365,2024-01-16 04:00:00,5.562296136222342,False,0.09533012939311053
Sensor_366,2024-01-16 05:00:00,6.555414143716992,False,0.4567137640511526
Sensor_367,2024-01-16 06:00:00,7.417446090563598,False,0.7703967662642133
Sensor_368,2024-01-16 07:00:00,4.718693220501353,False,-0.21164677122764983
Sensor_369,2024-01-16 08:00:00,2.490540634715898,True,-1.0224445555264108
Sensor_370,2024-01-16 09:00:00,9.486095908814598,False,1.5231534220821485
Sensor_371,2024-01-16 10:00:00,5.27713376997909,False,-0.008437007646974902
Sensor_372,2024-01-16 11:00:00,3.7421226445157196,False,-0.5670089956425435
Sensor_373,2024-01-16 12:00:00,8.026463177108859,False,0.9920107201384342
Sensor_374,2024-01-16 13:00:00,4.833381191740664,False,-0.16991320524129092
Sensor_375,2024-01-16 14:00:00,8.926825081711543,False,1.3196415305129083
Sensor_376,2024-01-16 15:00:00,4.551664825495359,False,-0.2724263845493734
Sensor_377,2024-01-16 16:00:00,3.1522204918102505,False,-0.7816672562203572
Sensor_378,2024-01-16 17:00:00,2.859675704990562,False,-0.8881207668437969
Sensor_379,2024-01-16 18:00:00,8.683614310520923,True,1.2311400716554874
Sensor_380,2024-01-16 19:00:00,3.2527390821242306,True,-0.7450897566239012
Sensor_381,2024-01-16 20:00:00,8.254272291476099,False,1.0749077023066949
Sensor_382,2024-01-16 21:00:00,9.15672725007924,False,1.403300149723809
Sensor_383,2024-01-16 22:00:00,1.312956841337171,False,-1.4509530592027995
Sensor_384,2024-01-16 23:00:00,0.6506918538617452,False,-1.6919432803794319
Sensor_385,2024-01-17 00:00:00,4.773640417645849,False,-0.19165215057985455
Sensor_386,2024-01-17 01:00:00,6.260351132124077,True,0.3493439018818071
Sensor_387,2024-01-17 02:00:00,9.722303557455652,True,1.6091065293219182
Sensor_388,2024-01-17 03:00:00,2.824140932740738,False,-0.9010514407974222
Sensor_389,2024-01-17 04:00:00,6.575699025744491,False,0.46409518734665833
Sensor_390,2024-01-17 05:00:00,7.124989739674351,True,0.6639754364065396
Sensor_391,2024-01-17 06:00:00,4.009647084715613,False,-0.4696600866209573
Sensor_392,2024-01-17 07:00:00,2.158049879645774,False,-1.1434339209901978
Sensor_393,2024-01-17 08:00:00,0.5758686003256841,False,-1.7191705576171246
Sensor_394,2024-01-17 09:00:00,9.042647607829402,False,1.3617879473011198
Sensor_395,2024-01-17 10:00:00,8.09091193345976,True,1.015462843293501
Sensor_396,2024-01-17 11:00:00,4.145393807996928,False,-0.42026349539805036
Sensor_397,2024-01-17 12:00:00,8.27300571987953,False,1.0817245703877771
Sensor_398,2024-01-17 13:00:00,1.4242662169464075,False,-1.4104489233139939
Sensor_399,2024-01-17 14:00:00,8.656572604541296,False,1.2212999218238225
Sensor_400,2024-01-17 15:00:00,7.887957394856352,False,0.9416101407170245
Sensor_401,2024-01-17 16:00:00,8.932852596104144,False,1.3218348701187896
Sensor_402,2024-01-17 17:00:00,5.071372159920422,False,-0.08331116958436467
Sensor_403,2024-01-17 18:00:00,7.171967679822027,False,0.6810701407933255
Sensor_404,2024-01-17 19:00:00,8.928492862507257,False,1.320248415778526
Sensor_405,2024-01-17 20:00:00,7.451578771234141,False,0.782817236045504
Sensor_406,2024-01-17 21:00:00,3.124589807920633,False,-0.7917217279918513
Sensor_407,2024-01-17 22:00:00,5.9254238631215035,False,0.22746791845906789
Sensor_408,2024-01-17 23:00:00,7.274209388689927,True,0.718274662396495
Sensor_409,2024-01-18 00:00:00,9.850919100403317,True,1.655908170247954
Sensor_410,2024-01-18 01:00:00,3.2080309350453584,True,-0.7613585107581133
Sensor_411,2024-01-18 02:00:00,9.050990361115444,False,1.3648237743456533
Sensor_412,2024-01-18 03:00:00,4.687846741152911,False,-0.22287143208287485
Sensor_413,2024-01-18 04:00:00,4.981237515172632,False,-0.11611007694658294
Sensor_414,2024-01-18 05:00:00,3.0740770802097774,False,-0.8101026988320555
Sensor_415,2024-01-18 06:00:00,4.738562698131078,False,-0.204416508569639
Sensor_416,2024-01-18 07:00:00,5.930265402776494,False,0.22922969619812578
Sensor_417,2024-01-18 08:00:00,6.039415939518568,False,0.2689482567267336
Sensor_418,2024-01-18 09:00:00,8.055014862200574,True,1.0024003331111013
Sensor_419,2024-01-18 10:00:00,1.124331288285563,True,-1.5195916171956578
Sensor_420,2024-01-18 11:00:00,1.9417112838328057,True,-1.2221569201521365
Sensor_421,2024-01-18 12:00:00,4.772517187044752,False,-0.19206088061407034
Sensor_422,2024-01-18 13:00:00,1.8369779967887963,False,-1.2602680969267173
Sensor_423,2024-01-18 14:00:00,4.148907501171239,False,-0.41898490493767915
Sensor_424,2024-01-18 15:00:00,3.2082424498259487,False,-0.7612815430869838
Sensor_425,2024-01-18 16:00:00,8.298089118116685,False,1.0908521157108009
Sensor_426,2024-01-18 17:00:00,0.9623663852531933,False,-1.5785286870133053
Sensor_427,2024-01-18 18:00:00,7.8439338355049815,False,0.9255904997791694
Sensor_428,2024-01-18 19:00:00,8.096821436252231,False,1.0176132399050302
Sensor_429,2024-01-18 20:00:00,1.0681157040810563,False,-1.540047788557911
Sensor_430,2024-01-18 21:00:00,1.225104141886106,False,-1.4829215942636418
Sensor_431,2024-01-18 22:00:00,3.635754600879891,False,-0.6057150405742562
Sensor_432,2024-01-18 23:00:00,7.377825219109792,False,0.7559792102172571
Sensor_433,2024-01-19 00:00:00,8.450698314711053,False,1.1463847570800223
Sensor_434,2024-01-19 01:00:00,1.3132990344908062,False,-1.4508285392518143
Sensor_435,2024-01-19 02:00:00,5.596492498464283,False,0.10777377212822853
Sensor_436,2024-01-19 03:00:00,7.03658668365788,False,0.631806633246173
Sensor_437,2024-01-19 04:00:00,4.1529960373861785,False,-0.4174971360455278
Sensor_438,2024-01-19 05:00:00,1.7197346562232936,False,-1.3029315309126734
Sensor_439,2024-01-19 06:00:00,3.8203914217503856,False,-0.5385279339924187
Sensor_440,2024-01-19 07:00:00,6.30413226211687,False,0.36527532570740606
Sensor_441,2024-01-19 08:00:00,4.470667112543614,False,-0.30190047291006394
Sensor_442,2024-01-19 09:00:00,3.1183907504833215,False,-0.7939774900374929
Sensor_443,2024-01-19 10:00:00,1.332202665981893,False,-1.443949736325142
Sensor_444,2024-01-19 11:00:00,5.23133932741608,False,-0.02510105157294177
Sensor_445,2024-01-19 12:00:00,5.156911277563346,False,-0.0521845189688706
Sensor_446,2024-01-19 13:00:00,1.595752165078629,False,-1.348047260308063
Sensor_447,2024-01-19 14:00:00,1.885286054749166,True,-1.2426893787509887
Sensor_448,2024-01-19 15:00:00,7.7714603263300885,False,0.8992182661026122
Sensor_449,2024-01-19 16:00:00,4.510597744884018,False,-0.28737019862194324
Sensor_450,2024-01-19 17:00:00,9.975218930008166,True,1.7011393752719126
Sensor_451,2024-01-19 18:00:00,3.9140146505764335,True,-0.5044595730662766
Sensor_452,2024-01-19 19:00:00,2.5838941139414286,False,-0.9884743532182244
Sensor_453,2024-01-19 20:00:00,3.847116719710306,True,-0.528802921213283
Sensor_454,2024-01-19 21:00:00,2.156139478037648,True,-1.1441290930358068
Sensor_455,2024-01-19 22:00:00,0.7226776610399465,False,-1.6657485155624305
Sensor_456,2024-01-19 23:00:00,7.74675157968845,False,0.8902270519651039
Sensor_457,2024-01-20 00:00:00,9.903070260261588,True,1.6748853467355287
Sensor_458,2024-01-20 01:00:00,7.921928199509924,False,0.9539717057730609
Sensor_459,2024-01-20 02:00:00,1.1210712353189634,False,-1.5207779110513293
Sensor_460,2024-01-20 03:00:00,5.34438021490774,False,0.016033160553331434
Sensor_461,2024-01-20 04:00:00,5.437577481393403,False,0.049946518934323635
Sensor_462,2024-01-20 05:00:00,1.1133461035033076,False,-1.523588993110748
Sensor_463,2024-01-20 06:00:00,7.514761521779551,True,0.8058086749958402
Sensor_464,2024-01-20 07:00:00,3.147826428658044,False,-0.7832662026707063
Sensor_465,2024-01-20 08:00:00,9.330071486638115,False,1.4663780214187367
Sensor_466,2024-01-20 09:00:00,8.005933396766581,False,0.9845401813073643
Sensor_467,2024-01-20 10:00:00,0.7488965600518913,True,-1.656207775237349
Sensor_468,2024-01-20 11:00:00,6.099923426302757,False,0.2909661995422671
Sensor_469,2024-01-20 12:00:00,3.7874857815043304,False,-0.5505018985999767
Sensor_470,2024-01-20 13:00:00,1.7176890231147426,True,-1.3036759120661374
Sensor_471,2024-01-20 14:00:00,5.229472050427327,False,-0.02578053109100168
Sensor_472,2024-01-20 15:00:00,1.4415565038236258,False,-1.4041571969845799
Sensor_473,2024-01-20 16:00:00,8.023926192161468,False,0.9910875419919886
Sensor_474,2024-01-20 17:00:00,7.239389570758336,False,0.7056041516744168
Sensor_475,2024-01-20 18:00:00,8.118106086257615,True,1.025358466679011
Sensor_476,2024-01-20 19:00:00,8.541063902778466,False,1.1792677019238043
Sensor_477,2024-01-20 20:00:00,1.1973934536075435,False,-1.4930051786649012
Sensor_478,2024-01-20 21:00:00,4.252023553262287,True,-0.3814622204077124
Sensor_479,2024-01-20 22:00:00,5.717250875976362,False,0.15171628555703484
Sensor_480,2024-01-20 23:00:00,4.606638236712016,True,-0.2524222249176854
Sensor_481,2024-01-21 00:00:00,6.433197486541383,True,0.4122406002855511
Sensor_482,2024-01-21 01:00:00,2.2463236276825524,False,-1.1113121714401162
Sensor_483,2024-01-21 02:00:00,3.9820505880109884,False,-0.4797021180892063
Sensor_484,2024-01-21 03:00:00,4.043552440487981,True,-0.4573223376214173
Sensor_485,2024-01-21 04:00:00,9.155397909396658,True,1.4028164187231176
Sensor_486,2024-01-21 05:00:00,6.47158047918683,False,0.4262077072019356
Sensor_487,2024-01-21 06:00:00,9.14076110371304,True,1.3974902621155323
Sensor_488,2024-01-21 07:00:00,7.265528136935676,True,0.7151156598523287
Sensor_489,2024-01-21 08:00:00,8.174038768364717,True,1.0457116933887243
Sensor_490,2024-01-21 09:00:00,4.469982392575287,False,-0.30214963422725855
Sensor_491,2024-01-21 10:00:00,9.410231718175934,True,1.495547360419292
Sensor_492,2024-01-21 11:00:00,3.495778653831226,False,-0.6566505951885155
Sensor_493,2024-01-21 12:00:00,1.888756597425488,True,-1.241426490235082
Sensor_494,2024-01-21 13:00:00,8.308297883274795,False,1.094566961912729
Sensor_495,2024-01-21 14:00:00,2.4646664211401728,False,-1.03185986898901
Sensor_496,2024-01-21 15:00:00,1.4480497602266102,True,-1.4017943794926317
Sensor_497,2024-01-21 16:00:00,7.078675957855431,False,0.6471224112049286
Sensor_498,2024-01-21 17:00:00,8.264265706881142,True,1.0785441853373803
Sensor_499,2024-01-21 18:00:00,9.99770661678781,False,1.7093223725815478
Sensor_500,2024-01-21 19:00:00,2.1771919509565754,False,-1.1364683526962225
Sensor_501,2024-01-21 20:00:00,8.79747007117955,True,1.2725708062741952
Sensor_502,2024-01-21 21:00:00,8.66989491419536,True,1.2261477492204593
Sensor_503,2024-01-21 22:00:00,4.622424596267755,False,-0.24667775955584653
Sensor_504,2024-01-21 23:00:00,2.9894419718499177,False,-0.8409003914002554
Sensor_505,2024-01-22 00:00:00,4.823842965035382,True,-0.17338405060803938
Sensor_506,2024-01-22 01:00:00,2.238702635349492,False,-1.1140853584010195
Sensor_507,2024-01-22 02:00:00,8.297141786320529,True,1.0905073931248255
Sensor_508,2024-01-22 03:00:00,6.502834131769985,False,0.43758053347394454
Sensor_509,2024-01-22 04:00:00,2.8706550613014037,False,-0.8841255118389793
Sensor_510,2024-01-22 05:00:00,7.445259491147026,False,0.7805177264312692
Sensor_511,2024-01-22 06:00:00,7.575105085412756,False,0.8277669681588042
Sensor_512,2024-01-22 07:00:00,4.698302398242827,False,-0.21906674489225178
Sensor_513,2024-01-22 08:00:00,2.2623454766034206,False,-1.1054820143457222
Sensor_514,2024-01-22 09:00:00,8.783861771276836,True,1.2676189104841211
Sensor_515,2024-01-22 10:00:00,4.014050827745287,False,-0.46805761778024213
Sensor_516,2024-01-22 11:00:00,1.3076144224488395,True,-1.4528971008384974
Sensor_517,2024-01-22 12:00:00,3.866256064217628,False,-0.5218383451701226
Sensor_518,2024-01-22 13:00:00,8.985512663994166,False,1.3409972320856658
Sensor_519,2024-01-22 14:00:00,8.679948153875939,False,1.2298060015816477
Sensor_520,2024-01-22 15:00:00,5.994656386712687,False,0.2526607966700344
Sensor_521,2024-01-22 16:00:00,4.437670069030744,False,-0.31390769806121493
Sensor_522,2024-01-22 17:00:00,1.7213686665730836,True,-1.3023369343039926
Sensor_523,2024-01-22 18:00:00,1.6363342664107254,False,-1.3332799243310918
Sensor_524,2024-01-22 19:00:00,6.259339389284612,False,0.348975740895997
Sensor_525,2024-01-22 20:00:00,4.843593206108765,False,-0.16619717669113473
Sensor_526,2024-01-22 21:00:00,7.295523744752108,False,0.7260306988453538
Sensor_527,2024-01-22 22:00:00,9.168259646554999,True,1.4074966493575647
Sensor_528,2024-01-22 23:00:00,6.130636308556263,False,0.30214224603003187
Sensor_529,2024-01-23 00:00:00,1.9356292517884524,True,-1.2243700980722911
Sensor_530,2024-01-23 01:00:00,0.6423705562861154,False,-1.6949712999503772
Sensor_531,2024-01-23 02:00:00,8.78103141317019,False,1.2665889773923389
Sensor_532,2024-01-23 03:00:00,8.716145816975553,True,1.2429778935001778
Sensor_533,2024-01-23 04:00:00,6.047242474902985,False,0.2717962383187055
Sensor_534,2024-01-23 05:00:00,7.836562070725796,False,0.9229080037115904
Sensor_535,2024-01-23 06:00:00,1.9142413743208992,False,-1.2321528880715822
Sensor_536,2024-01-23 07:00:00,2.980903457361122,False,-0.8440074535794274
Sensor_537,2024-01-23 08:00:00,2.530918175823143,True,-1.0077516565418263
Sensor_538,2024-01-23 09:00:00,7.943269397523543,False,0.9617375096834888
Sensor_539,2024-01-23 10:00:00,5.409219222037068,False,0.03962729124795747
Sensor_540,2024-01-23 11:00:00,8.558106357314403,False,1.1854692450608864
Sensor_541,2024-01-23 12:00:00,5.066468463275291,False,-0.08509556550056427
Sensor_542,2024-01-23 13:00:00,8.754542371759264,False,1.2569499355146903
Sensor_543,2024-01-23 14:00:00,8.004299051690076,False,0.9839454628956793
Sensor_544,2024-01-23 15:00:00,7.503077710022551,False,0.8015570771720762
Sensor_545,2024-01-23 16:00:00,4.020405259282219,True,-0.4657453169784518
Sensor_546,2024-01-23 17:00:00,4.711225493820127,False,-0.21436418667105975
Sensor_547,2024-01-23 18:00:00,4.6488000020520435,True,-0.2370800683087081
Sensor_548,2024-01-23 19:00:00,8.528790262679403,False,1.1748014726982625
Sensor_549,2024-01-23 20:00:00,5.967748219088831,False,0.24286923983135802
Sensor_550,2024-01-23 21:00:00,3.3046413214414123,True,-0.7262031593114104
Sensor_551,2024-01-23 22:00:00,1.9726561383465429,True,-1.2108964617637623
Sensor_552,2024-01-23 23:00:00,9.180944950373384,True,1.4121126780329425
Sensor_553,2024-01-24 00:00:00,2.8882094663532505,False,-0.8777376760993981
Sensor_554,2024-01-24 01:00:00,4.6187200800280035,True,-0.24802578822239782
Sensor_555,2024-01-24 02:00:00,1.4825316851613004,True,-1.3892468239464986
Sensor_556,2024-01-24 03:00:00,2.994768746046432,True,-0.8389620426787422
Sensor_557,2024-01-24 04:00:00,4.519753341434977,False,-0.2840385877417872
Sensor_558,2024-01-24 05:00:00,2.3892487115858447,True,-1.0593034615838954
Sensor_559,2024-01-24 06:00:00,9.14279647699846,False,1.398230909843416
Sensor_560,2024-01-24 07:00:00,3.4543931023521335,False,-0.6717102969590754
Sensor_561,2024-01-24 08:00:00,1.9950696334288622,False,-1.2027404619156956
Sensor_562,2024-01-24 09:00:00,3.225177519148944,False,-0.7551190761304446
Sensor_563,2024-01-24 10:00:00,3.425490123878954,False,-0.6822277413455995
Sensor_564,2024-01-24 11:00:00,9.66764748926648,False,1.5892178469807847
Sensor_565,2024-01-24 12:00:00,4.023892668592953,False,-0.46447629089822534
Sensor_566,2024-01-24 13:00:00,9.34013154009931,False,1.470038753232303
Sensor_567,2024-01-24 14:00:00,6.91686064276624,False,0.5882397746310639
Sensor_568,2024-01-24 15:00:00,2.52647528890897,True,-1.0093683693688034
Sensor_569,2024-01-24 16:00:00,3.44453586340756,True,-0.675297227022371
Sensor_570,2024-01-24 17:00:00,8.767769202947239,True,1.261763019451993
Sensor_571,2024-01-24 18:00:00,7.063576613209678,False,0.6416279422618045
Sensor_572,2024-01-24 19:00:00,9.641716441228086,False,1.5797818521444331
Sensor_573,2024-01-24 20:00:00,9.589129351125033,False,1.5606460459118252
Sensor_574,2024-01-24 21:00:00,6.933352397306335,False,0.5942409246984387
Sensor_575,2024-01-24 22:00:00,9.984295335730671,False,1.7044421695671288
Sensor_576,2024-01-24 23:00:00,8.850404903365813,True,1.2918331516461659
Sensor_577,2024-01-25 00:00:00,8.317970697209423,True,1.0980867819448774
Sensor_578,2024-01-25 01:00:00,2.3650151556053123,False,-1.068121759585587
Sensor_579,2024-01-25 02:00:00,3.817007572418888,False,-0.5397592758483948
Sensor_580,2024-01-25 03:00:00,6.224734412130955,False,0.33638340813526557
Sensor_581,2024-01-25 04:00:00,7.423013171874432,False,0.772422559838958
Sensor_582,2024-01-25 05:00:00,9.597638442842575,False,1.563742401500303
Sensor_583,2024-01-25 06:00:00,4.939511706056336,False,-0.13129359435710178
Sensor_584,2024-01-25 07:00:00,5.733843917269376,False,0.15775429264909022
Sensor_585,2024-01-25 08:00:00,5.126662243507265,False,-0.06319177670620485
Sensor_586,2024-01-25 09:00:00,2.8926622088720104,False,-0.8761173769370808
Sensor_587,2024-01-25 10:00:00,8.631303160852076,True,1.2121046768103578
Sensor_588,2024-01-25 11:00:00,6.189480136899146,False,0.32355480365487127
Sensor_589,2024-01-25 12:00:00,5.972653330307646,False,0.24465415049381725
Sensor_590,2024-01-25 13:00:00,7.574470506517998,False,0.8275360525720017
Sensor_591,2024-01-25 14:00:00,7.140788118176074,True,0.6697242753174952
Sensor_592,2024-01-25 15:00:00,6.906830237481656,True,0.5845898314304763
Sensor_593,2024-01-25 16:00:00,8.691036633783453,False,1.2338409653438283
Sensor_594,2024-01-25 17:00:00,1.2730225596047986,True,-1.465484661460531
Sensor_595,2024-01-25 18:00:00,5.930129044148949,False,0.2291800769423402
Sensor_596,2024-01-25 19:00:00,5.444025236425243,False,0.05229277902749153
Sensor_597,2024-01-25 20:00:00,0.8980269880010169,False,-1.60194101571466
Sensor_598,2024-01-25 21:00:00,1.7656369841179673,False,-1.2862282288190077
Sensor_599,2024-01-25 22:00:00,2.792536162844611,True,-0.9125520344140926
Sensor_600,2024-01-25 23:00:00,3.8044683303488283,True,-0.5443221544196604
Sensor_601,2024-01-26 00:00:00,7.385004351340289,False,0.7585916096295813
Sensor_602,2024-01-26 01:00:00,6.276232942002299,False,0.3551231004618617
Sensor_603,2024-01-26 02:00:00,3.4088832891322225,False,-0.6882707677086792
Sensor_604,2024-01-26 03:00:00,5.161572958888841,False,-0.05048818950116227
Sensor_605,2024-01-26 04:00:00,5.842200524381634,False,0.1971839517851946
Sensor_606,2024-01-26 05:00:00,2.7229940562203847,True,-0.9378575661474655
Sensor_607,2024-01-26 06:00:00,6.8943653876461815,True,0.5800540232938639
Sensor_608,2024-01-26 07:00:00,4.70606478033264,False,-0.2162421079084781
Sensor_609,2024-01-26 08:00:00,5.696983818957493,False,0.14434134856663908
Sensor_610,2024-01-26 09:00:00,5.337995981130364,False,0.013710015076596985
Sensor_611,2024-01-26 10:00:00,6.261916267767779,False,0.3499134358177396
Sensor_612,2024-01-26 11:00:00,5.044280711740108,False,-0.09316942000140237
Sensor_613,2024-01-26 12:00:00,4.776575765927576,False,-0.19058401283284726
Sensor_614,2024-01-26 13:00:00,7.552967574521239,False,0.8197113956207126
Sensor_615,2024-01-26 14:00:00,0.757137313993708,False,-1.6532090645208561
Sensor_616,2024-01-26 15:00:00,5.262219013551302,True,-0.013864307169526838
Sensor_617,2024-01-26 16:00:00,3.3876739472005273,False,-0.6959885907852309
Sensor_618,2024-01-26 17:00:00,2.6053195451057585,False,-0.9806778978827562
Sensor_619,2024-01-26 18:00:00,7.64421923726033,True,0.8529167723235614
Sensor_620,2024-01-26 19:00:00,3.8577693488223765,False,-0.5249265582854818
Sensor_621,2024-01-26 20:00:00,4.825411401520551,False,-0.1728133155358092
Sensor_622,2024-01-26 21:00:00,8.901186787713135,False,1.3103120653318774
Sensor_623,2024-01-26 22:00:00,2.7130127579164927,False,-0.9414896399115555
Sensor_624,2024-01-26 23:00:00,7.597369994167379,False,0.8358688992388514
Sensor_625,2024-01-27 00:00:00,2.563237805604829,False,-0.995990934056517
Sensor_626,2024-01-27 01:00:00,2.4722367037122575,True,-1.0291051346969695
Sensor_627,2024-01-27 02:00:00,7.552441308257684,True,0.8195198936907444
Sensor_628,2024-01-27 03:00:00,5.634450088057159,False,0.12158608001753625
Sensor_629,2024-01-27 04:00:00,5.960888135569172,True,0.2403729383871356
Sensor_630,2024-01-27 05:00:00,8.45826309976854,False,1.149137490892974
Sensor_631,2024-01-27 06:00:00,3.586612047319863,False,-0.6235974216084116
Sensor_632,2024-01-27 07:00:00,7.524226250688058,False,0.8092527754030395
Sensor_633,2024-01-27 08:00:00,9.785613249988563,False,1.632144160926589
Sensor_634,2024-01-27 09:00:00,4.53474216067011,False,-0.2785843376591717
Sensor_635,2024-01-27 10:00:00,7.843157708177314,True,0.9253080764291614
Sensor_636,2024-01-27 11:00:00,4.138959094481896,False,-0.4226050098409432
Sensor_637,2024-01-27 12:00:00,5.448547158071836,False,0.05393825163794921
Sensor_638,2024-01-27 13:00:00,7.586836218488705,True,0.832035785638349
Sensor_639,2024-01-27 14:00:00,7.209075895740977,False,0.6945733718728786
Sensor_640,2024-01-27 15:00:00,9.377194853201097,True,1.4835256447196317
Sensor_641,2024-01-27 16:00:00,3.5810812174883315,True,-0.6256100237081723
Sensor_642,2024-01-27 17:00:00,7.1910842162012685,False,0.6880264172344616
Sensor_643,2024-01-27 18:00:00,1.183882558478791,False,-1.4979216300354987
Sensor_644,2024-01-27 19:00:00,7.624702869932288,True,0.8458150022347058
Sensor_645,2024-01-27 20:00:00,8.551229395601803,False,1.1829668018463353
Sensor_646,2024-01-27 21:00:00,2.031205422607732,False,-1.1895910851687765
Sensor_647,2024-01-27 22:00:00,8.52540145788773,False,1.1735683276102475
Sensor_648,2024-01-27 23:00:00,6.452286205624124,False,0.4191867543488429
Sensor_649,2024-01-28 00:00:00,1.2856021490956002,False,-1.4609071009507177
Sensor_650,2024-01-28 01:00:00,2.254613622776093,False,-1.1082955424639096
Sensor_651,2024-01-28 02:00:00,7.329446723375664,True,0.7383748605873548
Sensor_652,2024-01-28 03:00:00,6.765954546819001,False,0.5333268709943205
Sensor_653,2024-01-28 04:00:00,1.6281593586964997,True,-1.3362546744015427
Sensor_654,2024-01-28 05:00:00,8.707836785487029,False,1.2399543374100148
Sensor_655,2024-01-28 06:00:00,4.614764516117608,False,-0.2494651701007578
Sensor_656,2024-01-28 07:00:00,1.3496256295753033,False,-1.4376097305429638
Sensor_657,2024-01-28 08:00:00,6.7682663097091185,False,0.534168093557393
Sensor_658,2024-01-28 09:00:00,1.7001969880666674,True,-1.310041052115492
Sensor_659,2024-01-28 10:00:00,6.227007490634224,False,0.33721055391771576
Sensor_660,2024-01-28 11:00:00,0.8362236616205917,False,-1.6244304988906415
Sensor_661,2024-01-28 12:00:00,4.310673424762477,False,-0.360120241332703
Sensor_662,2024-01-28 13:00:00,4.491703200572562,False,-0.29424569483382534
Sensor_663,2024-01-28 14:00:00,0.9548939743872489,True,-1.5812478069748952
Sensor_664,2024-01-28 15:00:00,3.334734676093748,False,-0.7152525514267042
Sensor_665,2024-01-28 16:00:00,7.794018992322548,False,0.9074270918895475
Sensor_666,2024-01-28 17:00:00,2.13257691059342,False,-1.1527032264223835
Sensor_667,2024-01-28 18:00:00,9.719055527401437,True,1.6079246104586888
Sensor_668,2024-01-28 19:00:00,9.422568466158543,False,1.5000365538405878
Sensor_669,2024-01-28 20:00:00,6.477781201524992,False,0.4284640750848654
Sensor_670,2024-01-28 21:00:00,5.186848406535886,False,-0.04129075972004181
Sensor_671,2024-01-28 22:00:00,5.31534243212848,False,0.005466662509808493
Sensor_672,2024-01-28 23:00:00,1.1049490782240186,False,-1.526644569077395
Sensor_673,2024-01-29 00:00:00,2.480540038124773,True,-1.02608365170388
Sensor_674,2024-01-29 01:00:00,6.312282785755684,False,0.36824120270765465
Sensor_675,2024-01-29 02:00:00,5.12524784098793,True,-0.0637064606807671
Sensor_676,2024-01-29 03:00:00,4.334616439399046,False,-0.3514076678130043
Sensor_677,2024-01-29 04:00:00,3.605026455652695,True,-0.6168966410735947
Sensor_678,2024-01-29 05:00:00,7.713916155758288,False,0.8782786382258803
Sensor_679,2024-01-29 06:00:00,5.959114839975211,True,0.23972765756226633
Sensor_680,2024-01-29 07:00:00,3.3911367971547826,False,-0.6947285015578679
Sensor_681,2024-01-29 08:00:00,8.296552530325686,True,1.0902929699932808
Sensor_682,2024-01-29 09:00:00,2.901252681610571,False,-0.8729914077790715
Sensor_683,2024-01-29 10:00:00,9.080907552901321,False,1.3757102786933253
Sensor_684,2024-01-29 11:00:00,0.8744284677251845,False,-1.6105282319019343
Sensor_685,2024-01-29 12:00:00,6.624430822825762,False,0.48182809906484864
Sensor_686,2024-01-29 13:00:00,3.613038792777768,False,-0.6139810484748169
Sensor_687,2024-01-29 14:00:00,3.121939189909779,True,-0.7926862558360991
Sensor_688,2024-01-29 15:00:00,5.57602005432399,False,0.10032409724778141
Sensor_689,2024-01-29 16:00:00,3.4792171319635004,False,-0.6626771327428249
Sensor_690,2024-01-29 17:00:00,5.441952082550253,True,0.05153838339988721
Sensor_691,2024-01-29 18:00:00,6.004239381940401,False,0.25614793276077813
Sensor_692,2024-01-29 19:00:00,3.3740426944400306,False,-0.700948838842718
Sensor_693,2024-01-29 20:00:00,9.44784289116871,True,1.5092336114965135
Sensor_694,2024-01-29 21:00:00,0.935079793657549,False,-1.5884579477596084
Sensor_695,2024-01-29 22:00:00,0.8665275079105743,False,-1.6134032956441515
Sensor_696,2024-01-29 23:00:00,5.3908570495691235,True,0.032945518712764174
Sensor_697,2024-01-30 00:00:00,5.726568445759774,False,0.15510683653798438
Sensor_698,2024-01-30 01:00:00,9.22899815182486,False,1.4295986570066779
Sensor_699,2024-01-30 02:00:00,1.035280981553505,False,-1.5519959470652058
Sensor_700,2024-01-30 03:00:00,3.446345817484687,True,-0.6746386066187329
Sensor_701,2024-01-30 04:00:00,9.0248706011531,False,1.3553191095219836
Sensor_702,2024-01-30 05:00:00,0.7907050440390945,False,-1.640994173440969
Sensor_703,2024-01-30 06:00:00,5.435849996044157,True,0.04931790790359235
Sensor_704,2024-01-30 07:00:00,2.7529698407484515,True,-0.9269497406093837
Sensor_705,2024-01-30 08:00:00,0.518166344557355,False,-1.740167710785389
Sensor_706,2024-01-30 09:00:00,8.166033029608812,False,1.0427985018567025
Sensor_707,2024-01-30 10:00:00,7.169765139998539,False,0.6802686631835306
Sensor_708,2024-01-30 11:00:00,8.499791919230628,True,1.1642493261502231
Sensor_709,2024-01-30 12:00:00,6.6426714449204,False,0.4884656408889201
Sensor_710,2024-01-30 13:00:00,9.848730773559735,True,1.655111864569691
Sensor_711,2024-01-30 14:00:00,8.341611853664372,False,1.1066895129221974
Sensor_712,2024-01-30 15:00:00,1.0839572601687983,False,-1.5342832378454838
Sensor_713,2024-01-30 16:00:00,0.607212809529923,False,-1.7077647788856674
Sensor_714,2024-01-30 17:00:00,2.662189850475819,False,-0.9599834814049079
Sensor_715,2024-01-30 18:00:00,4.846462623629469,False,-0.1651530303508631
Sensor_716,2024-01-30 19:00:00,1.5557344869665533,True,-1.3626092094999827
Sensor_717,2024-01-30 20:00:00,7.503974355161587,True,0.801883355496402
Sensor_718,2024-01-30 21:00:00,2.169992745630054,False,-1.1390880564654766
Sensor_719,2024-01-30 22:00:00,1.7795753920075674,False,-1.2811562107240009
Sensor_720,2024-01-30 23:00:00,5.65892005228299,False,0.13049040412116555
Sensor_721,2024-01-31 00:00:00,9.409838441015426,False,1.4954042516158867
Sensor_722,2024-01-31 01:00:00,6.468240157605862,False,0.42499220456806225
Sensor_723,2024-01-31 02:00:00,8.258285526124126,False,1.0763680698691547
Sensor_724,2024-01-31 03:00:00,8.122080413979136,True,1.0268046764813572
Sensor_725,2024-01-31 04:00:00,3.291242137347258,False,-0.7310789603872697
Sensor_726,2024-01-31 05:00:00,9.857867472651423,False,1.6584365988929164
Sensor_727,2024-01-31 06:00:00,9.094750820654664,True,1.3807476764431335
Sensor_728,2024-01-31 07:00:00,6.0470562988138505,True,0.2717284910910144
Sensor_729,2024-01-31 08:00:00,4.685503167686632,False,-0.22372423012997553
Sensor_730,2024-01-31 09:00:00,6.160250747962491,False,0.31291858244747467
Sensor_731,2024-01-31 10:00:00,9.833737284693175,False,1.6496559152646617
Sensor_732,2024-01-31 11:00:00,7.50173761321632,True,0.801069432148046
Sensor_733,2024-01-31 12:00:00,9.770131273119022,False,1.6265104567438193
Sensor_734,2024-01-31 13:00:00,2.1195669742173364,False,-1.1574373849602189
Sensor_735,2024-01-31 14:00:00,9.18701864125479,False,1.4143228207047578
Sensor_736,2024-01-31 15:00:00,5.334244672680938,True,0.012344959290732184
Sensor_737,2024-01-31 16:00:00,3.7794356205108555,True,-0.5534312548471193
Sensor_738,2024-01-31 17:00:00,4.229853801471917,False,-0.3895295250190567
Sensor_739,2024-01-31 18:00:00,3.8729590000241605,False,-0.5193992278785582
Sensor_740,2024-01-31 19:00:00,3.0032866791858828,False,-0.8358624698037377
Sensor_741,2024-01-31 20:00:00,1.3892339607413793,False,-1.423196737755082
Sensor_742,2024-01-31 21:00:00,9.36041789083678,True,1.477420710973608
Sensor_743,2024-01-31 22:00:00,3.167056173558821,True,-0.7762687310174423
Sensor_744,2024-01-31 23:00:00,4.134945568759205,True,-0.42406548332195326
Sensor_745,2024-02-01 00:00:00,3.6025692253027914,False,-0.6177907974863662
Sensor_746,2024-02-01 01:00:00,3.8409594596478276,True,-0.5310434736996151
Sensor_747,2024-02-01 02:00:00,7.050833836312853,True,0.6369909998281169
Sensor_748,2024-02-01 03:00:00,4.238895901757131,False,-0.38623921405766704
Sensor_749,2024-02-01 04:00:00,5.765099580345093,False,0.16912785051503249
Sensor_750,2024-02-01 05:00:00,5.278803090564208,False,-0.007829562070611798
Sensor_751,2024-02-01 06:00:00,2.0351404914206253,True,-1.1881591612085813
Sensor_752,2024-02-01 07:00:00,4.733826870644565,True,-0.20613981892880479
Sensor_753,2024-02-01 08:00:00,6.345557982550501,True,0.3803496444748202
Sensor_754,2024-02-01 09:00:00,1.927883567399505,False,-1.22718865896462
Sensor_755,2024-02-01 10:00:00,4.353269749316277,False,-0.34461995388029915
Sensor_756,2024-02-01 11:00:00,3.078314012148317,False,-0.8085609305304106
Sensor_757,2024-02-01 12:00:00,1.2382399488462497,False,-1.4781416329422288
Sensor_758,2024-02-01 13:00:00,8.684334412306473,False,1.2314021079881508
Sensor_759,2024-02-01 14:00:00,2.7783994541455255,False,-0.9176962117759203
Sensor_760,2024-02-01 15:00:00,5.387578909222796,True,0.03175264307831312
Sensor_761,2024-02-01 16:00:00,6.6603067815522525,False,0.49488292665188244
Sensor_762,2024-02-01 17:00:00,6.5859699483314555,False,0.4678326518853713
Sensor_763,2024-02-01 18:00:00,4.512107845707645,False,-0.28682069119158365
Sensor_764,2024-02-01 19:00:00,5.227986248633234,True,-0.02632119639832538
Sensor_765,2024-02-01 20:00:00,5.499855626910245,False,0.07260878305277998
Sensor_766,2024-02-01 21:00:00,5.622359263011385,False,0.11718637497938175
Sensor_767,2024-02-01 22:00:00,2.0192250707088517,False,-1.1939505903645606
Sensor_768,2024-02-01 23:00:00,3.4095135411650244,True,-0.6880414266146242
Sensor_769,2024-02-02 00:00:00,5.863674002381231,True,0.2049978907830589
Sensor_770,2024-02-02 01:00:00,0.7792874767745153,False,-1.6451488881132317
Sensor_771,2024-02-02 02:00:00,7.509408820549619,False,0.8038608917403625
Sensor_772,2024-02-02 03:00:00,3.760535755498356,True,-0.560308687197776
Sensor_773,2024-02-02 04:00:00,6.784220862595291,False,0.53997376243847
Sensor_774,2024-02-02 05:00:00,9.494554526615904,False,1.5262314108228128
Sensor_775,2024-02-02 06:00:00,4.713026773678208,True,-0.21370872271084837
Sensor_776,2024-02-02 07:00:00,8.895593684454777,False,1.3082768026850726
Sensor_777,2024-02-02 08:00:00,9.156281786831393,True,1.4031380510342286
Sensor_778,2024-02-02 09:00:00,2.1126192023290424,False,-1.159965595141505
Sensor_779,2024-02-02 10:00:00,3.376443874661376,True,-0.7000750783939996
Sensor_780,2024-02-02 11:00:00,7.712757918726033,False,0.8778571697746457
Sensor_781,2024-02-02 12:00:00,6.548553934596344,False,0.4542174169022492
Sensor_782,2024-02-02 13:00:00,9.775426025009853,False,1.6284371529354917
Sensor_783,2024-02-02 14:00:00,9.453799907830003,False,1.5114012978303937
Sensor_784,2024-02-02 15:00:00,0.6770494611299775,False,-1.6823520657970756
Sensor_785,2024-02-02 16:00:00,9.774009802658567,False,1.6279218067460868
Sensor_786,2024-02-02 17:00:00,0.5845814407757376,True,-1.7160000603285102
Sensor_787,2024-02-02 18:00:00,8.329216785600153,False,1.10217909752838
Sensor_788,2024-02-02 19:00:00,4.166935254537012,False,-0.41242482347014314
Sensor_789,2024-02-02 20:00:00,6.938884241861567,False,0.5962538960438848
Sensor_790,2024-02-02 21:00:00,9.706227813025311,False,1.6032567603033039
Sensor_791,2024-02-02 22:00:00,9.371282750921697,False,1.4813743021862409
Sensor_792,2024-02-02 23:00:00,6.074560193308909,False,0.2817368257349003
Sensor_793,2024-02-03 00:00:00,5.082367955063468,False,-0.07930993268727761
Sensor_794,2024-02-03 01:00:00,4.185517655662543,False,-0.4056629123893454
Sensor_795,2024-02-03 02:00:00,1.5358787452489837,False,-1.3698344738256478
Sensor_796,2024-02-03 03:00:00,8.692526656295794,True,1.2343831665194875
Sensor_797,2024-02-03 04:00:00,3.7848787940100634,True,-0.5514505498267961
Sensor_798,2024-02-03 05:00:00,6.949316074570876,False,0.600049913830477
Sensor_799,2024-02-03 06:00:00,9.109375370995167,False,1.3860693734795444
Sensor_800,2024-02-03 07:00:00,3.285222356922133,True,-0.7332694856959016
Sensor_801,2024-02-03 08:00:00,9.727485698959814,False,1.6109922479555083
Sensor_802,2024-02-03 09:00:00,4.098758698301154,False,-0.43723344792871804
Sensor_803,2024-02-03 10:00:00,1.3104888442350056,False,-1.4518511335065332
Sensor_804,2024-02-03 11:00:00,2.1949238619433866,False,-1.1300159246932178
Sensor_805,2024-02-03 12:00:00,4.578753656518204,True,-0.26256908648429317
Sensor_806,2024-02-03 13:00:00,5.042352033816069,False,-0.09387124257738431
Sensor_807,2024-02-03 14:00:00,6.690222638610945,True,0.5057689453084708
Sensor_808,2024-02-03 15:00:00,9.740096399131703,True,1.615581129265995
Sensor_809,2024-02-03 16:00:00,1.3073956279868386,True,-1.4529767174976702
Sensor_810,2024-02-03 17:00:00,9.427855389645783,False,1.5019604013708503
Sensor_811,2024-02-03 18:00:00,4.406784268267344,True,-0.32514666750388865
Sensor_812,2024-02-03 19:00:00,5.478390402757477,False,0.06479784752997556
Sensor_813,2024-02-03 20:00:00,2.2879456754880856,False,-1.096166411515956
Sensor_814,2024-02-03 21:00:00,7.047635329119896,False,0.6358271017352947
Sensor_815,2024-02-03 22:00:00,1.0745027965531708,False,-1.537723602836727
Sensor_816,2024-02-03 23:00:00,2.7323686811213164,True,-0.9344462534991318
Sensor_817,2024-02-04 00:00:00,1.9685523412751271,False,-1.212389783897059
Sensor_818,2024-02-04 01:00:00,6.300445734579264,False,0.3639338429120555
Sensor_819,2024-02-04 02:00:00,3.5263979302979904,False,-0.6455086107147133
Sensor_820,2024-02-04 03:00:00,8.787568583117908,True,1.2689677744922359
Sensor_821,2024-02-04 04:00:00,9.146209527316547,False,1.3994728775853285
Sensor_822,2024-02-04 05:00:00,4.533083930807265,False,-0.2791877474558032
Sensor_823,2024-02-04 06:00:00,8.606745564255085,False,1.2031684643464688
Sensor_824,2024-02-04 07:00:00,6.0556272507292235,True,0.2748473568575013
Sensor_825,2024-02-04 08:00:00,3.9289188379855804,False,-0.49903611948181315
Sensor_826,2024-02-04 09:00:00,2.504091958657912,False,-1.0175133925995117
Sensor_827,2024-02-04 10:00:00,8.030999353043537,False,0.9936613797119704
Sensor_828,2024-02-04 11:00:00,5.708434776974486,False,0.14850821372996137
Sensor_829,2024-02-04 12:00:00,2.0311259044269816,True,-1.1896200208732588
Sensor_830,2024-02-04 13:00:00,2.5003164475529305,True,-1.018887255439087
Sensor_831,2024-02-04 14:00:00,2.3750713570159565,True,-1.0644624294866394
Sensor_832,2024-02-04 15:00:00,5.949642842887081,False,0.23628091235238532
Sensor_833,2024-02-04 16:00:00,0.7121807766605588,True,-1.669568204865193
Sensor_834,2024-02-04 17:00:00,8.124145950725907,False,1.0275563003281054
Sensor_835,2024-02-04 18:00:00,3.406617194982458,False,-0.6890953719693402
Sensor_836,2024-02-04 19:00:00,2.7615148695086678,True,-0.9238403079656089
Sensor_837,2024-02-04 20:00:00,4.12764757524651,True,-0.4267211349176605
Sensor_838,2024-02-04 21:00:00,3.847247196956733,True,-0.5287554421209717
Sensor_839,2024-02-04 22:00:00,5.224893581593272,False,-0.027446580539237223
Sensor_840,2024-02-04 23:00:00,2.142172218629709,False,-1.1492116098494796
Sensor_841,2024-02-05 00:00:00,6.1426838030998985,False,0.30652618362238826
Sensor_842,2024-02-05 01:00:00,1.5593604786826059,False,-1.3612897549581275
Sensor_843,2024-02-05 02:00:00,4.923557934176198,False,-0.13709897903952614
Sensor_844,2024-02-05 03:00:00,2.6815169943998005,False,-0.9529505674247983
Sensor_845,2024-02-05 04:00:00,4.5753010291453675,False,-0.2638254558378841
Sensor_846,2024-02-05 05:00:00,4.934317864642364,False,-0.13318357044640217
Sensor_847,2024-02-05 06:00:00,6.991092465889368,False,0.615251837492761
Sensor_848,2024-02-05 07:00:00,7.420621639795038,False,0.7715523102324353
Sensor_849,2024-02-05 08:00:00,8.101020040439664,False,1.019141061201487
Sensor_850,2024-02-05 09:00:00,5.342423876952348,False,0.01532127282639111
Sensor_851,2024-02-05 10:00:00,9.328239886981816,False,1.4657115244505652
Sensor_852,2024-02-05 11:00:00,5.731376412271093,False,0.156856397416009
Sensor_853,2024-02-05 12:00:00,1.5451756546557587,True,-1.366451440905942
Sensor_854,2024-02-05 13:00:00,5.142327706278831,False,-0.057491304222304855
Sensor_855,2024-02-05 14:00:00,8.394750408359487,True,1.1260259904518322
Sensor_856,2024-02-05 15:00:00,0.8498426451124996,True,-1.61947471547164
Sensor_857,2024-02-05 16:00:00,5.21426704314932,False,-0.03131344938838498
Sensor_858,2024-02-05 17:00:00,6.1258728598488315,True,0.3004088846425554
Sensor_859,2024-02-05 18:00:00,5.382020083819024,False,0.029729853728322094
Sensor_860,2024-02-05 19:00:00,4.520707370069694,False,-0.2836914282572345
Sensor_861,2024-02-05 20:00:00,2.6599436343933935,True,-0.9608008522772193
Sensor_862,2024-02-05 21:00:00,5.496313765288862,False,0.07131994243511762
Sensor_863,2024-02-05 22:00:00,0.9587700924902697,True,-1.5798373344652212
Sensor_864,2024-02-05 23:00:00,9.55962178148475,False,1.549908598109996
Sensor_865,2024-02-06 00:00:00,5.924184132811557,False,0.22701679558945592
Sensor_866,2024-02-06 01:00:00,5.177475311625759,False,-0.044701515623221534
Sensor_867,2024-02-06 02:00:00,0.7725913810696714,False,-1.6475855163744986
Sensor_868,2024-02-06 03:00:00,6.028976119287267,False,0.2651493323774697
Sensor_869,2024-02-06 04:00:00,5.983493309369161,False,0.24859868780288244
Sensor_870,2024-02-06 05:00:00,5.564937860689797,True,0.09629142098445173
Sensor_871,2024-02-06 06:00:00,8.762226514281915,False,1.2597461020660061
Sensor_872,2024-02-06 07:00:00,9.096095722126108,False,1.381237069826739
Sensor_873,2024-02-06 08:00:00,2.3599341063727914,False,-1.069970691963882
Sensor_874,2024-02-06 09:00:00,8.99486425599207,False,1.3444001633390896
Sensor_875,2024-02-06 10:00:00,3.0932867918321785,False,-0.8031125170465606
Sensor_876,2024-02-06 11:00:00,5.175314662628907,False,-0.045487749667726125
Sensor_877,2024-02-06 12:00:00,7.796898301409659,False,0.9084748376512308
Sensor_878,2024-02-06 13:00:00,4.855237455364491,False,-0.16195997518321517
Sensor_879,2024-02-06 14:00:00,6.007477915320532,True,0.2573263958991372
Sensor_880,2024-02-06 15:00:00,9.591180577252972,False,1.561392462297417
Sensor_881,2024-02-06 16:00:00,2.37789657448051,False,-1.0634343670123567
Sensor_882,2024-02-06 17:00:00,9.244979788400906,False,1.4354141813150183
Sensor_883,2024-02-06 18:00:00,7.796987780500604,False,0.9085073980104911
Sensor_884,2024-02-06 19:00:00,6.817348139285885,False,0.5520283778682824
Sensor_885,2024-02-06 20:00:00,4.224992930906817,False,-0.39129833704256395
Sensor_886,2024-02-06 21:00:00,0.7210319407276158,False,-1.6663473732848888
Sensor_887,2024-02-06 22:00:00,8.979293859692039,False,1.3387342843946866
Sensor_888,2024-02-06 23:00:00,3.1277575488100884,False,-0.7905690253848627
Sensor_889,2024-02-07 00:00:00,5.869038069365499,False,0.2069498098991106
Sensor_890,2024-02-07 01:00:00,0.5255221367311819,False,-1.7374910269557677
Sensor_891,2024-02-07 02:00:00,9.516808492706518,True,1.53432935999974
Sensor_892,2024-02-07 03:00:00,8.827001115496513,False,1.2833167962270249
Sensor_893,2024-02-07 04:00:00,5.536265091280729,True,0.08585774689278863
Sensor_894,2024-02-07 05:00:00,8.134297676962486,False,1.0312503907561739
Sensor_895,2024-02-07 06:00:00,0.9632855216754306,True,-1.5781942243829752
Sensor_896,2024-02-07 07:00:00,5.265168137987418,True,-0.012791156446511586
Sensor_897,2024-02-07 08:00:00,6.823946743151378,True,0.5544295300280305
Sensor_898,2024-02-07 09:00:00,2.2726915703640653,True,-1.1017171959258378
Sensor_899,2024-02-07 10:00:00,1.1088296692114041,False,-1.5252324689391847
Sensor_900,2024-02-07 11:00:00,4.258679954662092,False,-0.37904003642408596
Sensor_901,2024-02-07 12:00:00,1.099307002786972,False,-1.5286976521078786
Sensor_902,2024-02-07 13:00:00,4.53826552721009,True,-0.2773022271779987
Sensor_903,2024-02-07 14:00:00,5.6919630621911175,False,0.1425143558877488
Sensor_904,2024-02-07 15:00:00,6.308741922510374,False,0.3669527253869732
Sensor_905,2024-02-07 16:00:00,8.987644266529179,False,1.3417728964739215
Sensor_906,2024-02-07 17:00:00,3.187980827533634,False,-0.7686545024461007
Sensor_907,2024-02-07 18:00:00,3.3000611504927697,False,-0.7278698281385634
Sensor_908,2024-02-07 19:00:00,8.835964575344043,False,1.286578490884021
Sensor_909,2024-02-07 20:00:00,5.653258286025018,True,0.12843015583903875
Sensor_910,2024-02-07 21:00:00,6.577643323149631,True,0.4648026936629501
Sensor_911,2024-02-07 22:00:00,3.3021377739745312,False,-0.7271141699630074
Sensor_912,2024-02-07 23:00:00,2.5743425824193276,False,-0.9919500400469382
Sensor_913,2024-02-08 00:00:00,6.599811871754509,False,0.47286956044964223
Sensor_914,2024-02-08 01:00:00,4.013155114982887,False,-0.4683835568239841
Sensor_915,2024-02-08 02:00:00,3.8811077061636827,False,-0.5164340122443258
Sensor_916,2024-02-08 03:00:00,7.623463899052611,False,0.8453641557125865
Sensor_917,2024-02-08 04:00:00,6.839084236225284,False,0.5599378807228885
Sensor_918,2024-02-08 05:00:00,9.266168181975228,False,1.4431243815376185
Sensor_919,2024-02-08 06:00:00,5.445946013518725,False,0.052991726586766576
Sensor_920,2024-02-08 07:00:00,3.984970666952192,False,-0.47863953667058656
Sensor_921,2024-02-08 08:00:00,9.831895202398604,True,1.6489856037911736
Sensor_922,2024-02-08 09:00:00,6.741964880723472,False,0.5245973215727914
Sensor_923,2024-02-08 10:00:00,6.158114527198515,True,0.3121412375415406
Sensor_924,2024-02-08 11:00:00,4.560746661945481,False,-0.2691216140780429
Sensor_925,2024-02-08 12:00:00,0.8505880487536581,True,-1.619203472099658
Sensor_926,2024-02-08 13:00:00,9.30222430385018,False,1.4562447683159374
Sensor_927,2024-02-08 14:00:00,4.153683840608705,False,-0.4172468527694111
Sensor_928,2024-02-08 15:00:00,4.13919929658498,False,-0.4225176032000304
Sensor_929,2024-02-08 16:00:00,8.644207690500537,True,1.216800479114535
Sensor_930,2024-02-08 17:00:00,1.0221437774521538,False,-1.5567764167894105
Sensor_931,2024-02-08 18:00:00,8.800824993225945,False,1.273791621840896
Sensor_932,2024-02-08 19:00:00,7.334094347852501,False,0.7400660749378044
Sensor_933,2024-02-08 20:00:00,8.917277064442048,False,1.3161671224782254
Sensor_934,2024-02-08 21:00:00,7.21991738965658,False,0.6985184604190298
Sensor_935,2024-02-08 22:00:00,8.887404590415294,False,1.3052968903823938
Sensor_936,2024-02-08 23:00:00,8.799791178937438,False,1.2734154293216562
Sensor_937,2024-02-09 00:00:00,7.433501334651592,False,0.7762390754561272
Sensor_938,2024-02-09 01:00:00,7.279349728298121,True,0.720145169825589
Sensor_939,2024-02-09 02:00:00,5.479383637611076,False,0.06515927368351813
Sensor_940,2024-02-09 03:00:00,9.666045793227052,True,1.588635009158917
Sensor_941,2024-02-09 04:00:00,3.94423278934735,False,-0.49346355774964396
Sensor_942,2024-02-09 05:00:00,5.151286890266547,False,-0.05423116549899348
Sensor_943,2024-02-09 06:00:00,1.5830686658677093,False,-1.3526626323086048
Sensor_944,2024-02-09 07:00:00,4.959282910594657,False,-0.12409909208878518
Sensor_945,2024-02-09 08:00:00,5.297122330874116,False,-0.0011634120286142624
Sensor_946,2024-02-09 09:00:00,8.107320985856521,False,1.0214338990509084
Sensor_947,2024-02-09 10:00:00,8.818237078641053,True,1.2801276691855235
Sensor_948,2024-02-09 11:00:00,4.774156672650766,True,-0.19146429162585377
Sensor_949,2024-02-09 12:00:00,5.473765255636773,False,0.06311481241763804
Sensor_950,2024-02-09 13:00:00,8.723566093940265,True,1.2456780425654856
Sensor_951,2024-02-09 14:00:00,2.613262560484099,True,-0.9777875306294116
Sensor_952,2024-02-09 15:00:00,1.5941799613124321,False,-1.3486193662483075
Sensor_953,2024-02-09 16:00:00,3.321698819133951,False,-0.7199961421515347
Sensor_954,2024-02-09 17:00:00,6.9565186764231415,False,0.6026708535543803
Sensor_955,2024-02-09 18:00:00,7.546678718394176,False,0.8174229569176698
Sensor_956,2024-02-09 19:00:00,4.556311257402302,True,-0.270735604160688
Sensor_957,2024-02-09 20:00:00,1.748927509373407,False,-1.2923086046362275
Sensor_958,2024-02-09 21:00:00,6.4440827537743886,False,0.4162016174126208
Sensor_959,2024-02-09 22:00:00,5.778825644634742,True,0.17412259934156624
Sensor_960,2024-02-09 23:00:00,8.63712193073861,False,1.2142220568145121
Sensor_961,2024-02-10 00:00:00,8.554212555226796,True,1.184052337563047
Sensor_962,2024-02-10 01:00:00,4.992528148828226,False,-0.11200155187981427
Sensor_963,2024-02-10 02:00:00,1.0129447066892552,False,-1.560123847409624
Sensor_964,2024-02-10 03:00:00,9.356304821245217,True,1.4759240146823482
Sensor_965,2024-02-10 04:00:00,2.587240191961155,False,-0.9872567558858907
Sensor_966,2024-02-10 05:00:00,0.591083140031244,False,-1.7136341705846159
Sensor_967,2024-02-10 06:00:00,1.3940197472461464,False,-1.4214552479132523
Sensor_968,2024-02-10 07:00:00,6.094062362019708,False,0.28883342911862314
Sensor_969,2024-02-10 08:00:00,5.198955947211185,True,-0.03688497206641991
Sensor_970,2024-02-10 09:00:00,2.2806417266873247,True,-1.098824230168982
Sensor_971,2024-02-10 10:00:00,8.055763658090862,True,1.0026728108815248
Sensor_972,2024-02-10 11:00:00,2.3124326032298583,False,-1.0872559145939895
Sensor_973,2024-02-10 12:00:00,1.5112257629275754,True,-1.3788053960012976
Sensor_974,2024-02-10 13:00:00,0.9752934754895853,True,-1.5738246751839708
Sensor_975,2024-02-10 14:00:00,1.693020417429067,False,-1.3126525193951346
Sensor_976,2024-02-10 15:00:00,6.33978875100286,False,0.3782502908731976
Sensor_977,2024-02-10 16:00:00,4.518467587685806,False,-0.2845064579844412
Sensor_978,2024-02-10 17:00:00,6.521222053303131,False,0.44427167578262006
Sensor_979,2024-02-10 18:00:00,0.5870046656541662,False,-1.715118278095632
Sensor_980,2024-02-10 19:00:00,3.7260542839570463,False,-0.5728560777595401
Sensor_981,2024-02-10 20:00:00,2.6236963081550186,False,-0.9739908160114439
Sensor_982,2024-02-10 21:00:00,4.365116490243119,False,-0.34030906810168465
Sensor_983,2024-02-10 22:00:00,2.448505984684004,False,-1.0377404564117712
Sensor_984,2024-02-10 23:00:00,0.6101661570120573,False,-1.7066900914472687
Sensor_985,2024-02-11 00:00:00,3.759833772703189,True,-0.5605641302489244
Sensor_986,2024-02-11 01:00:00,9.37586751027643,True,1.4830426406788897
Sensor_987,2024-02-11 02:00:00,4.596701699735587,False,-0.2560380105759425
Sensor_988,2024-02-11 03:00:00,8.102567067773542,False,1.019704005742431
Sensor_989,2024-02-11 04:00:00,3.2572228915539796,False,-0.7434581525883199
Sensor_990,2024-02-11 05:00:00,9.166642183468557,True,1.4069080740979356
Sensor_991,2024-02-11 06:00:00,9.050653556982446,True,1.3647012153941167
Sensor_992,2024-02-11 07:00:00,7.839442575584331,True,0.9239561846000367
Sensor_993,2024-02-11 08:00:00,5.936903071719551,False,0.23164506366724463
Sensor_994,2024-02-11 09:00:00,6.783157660739467,False,0.5395868761388226
Sensor_995,2024-02-11 10:00:00,0.6249848642846116,False,-1.7012977430509297
Sensor_996,2024-02-11 11:00:00,6.035583108468019,True,0.2675535358520496
Sensor_997,2024-02-11 12:00:00,8.78952179594197,True,1.269678525021673
Sensor_998,2024-02-11 13:00:00,8.511627037565571,False,1.1685559826081797
Sensor_999,2024-02-11 14:00:00,2.552551752706288,True,-0.9998794594960716
Sensor_1000,2024-02-11 15:00:00,7.175972706097636,False,0.6825275214283136
