sensor_id,timestamp,sound_wave,crack_detected
Sensor_1,2024-01-01 00:00:00,6.07359086792739,False
Sensor_2,2024-01-01 01:00:00,8.109308947429232,False
Sensor_3,2024-01-01 02:00:00,2.4815777753236565,False
Sensor_4,2024-01-01 03:00:00,8.14823797973359,False
Sensor_5,2024-01-01 04:00:00,4.3385005829516965,True
Sensor_6,2024-01-01 05:00:00,2.3675092521330185,False
Sensor_7,2024-01-01 06:00:00,9.830820205383619,True
Sensor_8,2024-01-01 07:00:00,3.74577298246525,False
Sensor_9,2024-01-01 08:00:00,6.8230249910146545,True
Sensor_10,2024-01-01 09:00:00,6.980774710923506,True
Sensor_11,2024-01-01 10:00:00,4.516088020678733,False
Sensor_12,2024-01-01 11:00:00,6.219607344844316,False
Sensor_13,2024-01-01 12:00:00,7.78811638460436,False
Sensor_14,2024-01-01 13:00:00,7.6091868764748005,True
Sensor_15,2024-01-01 14:00:00,3.200931620645757,True
Sensor_16,2024-01-01 15:00:00,8.976432919350765,False
Sensor_17,2024-01-01 16:00:00,9.474836592959505,False
Sensor_18,2024-01-01 17:00:00,1.9759251856397648,False
Sensor_19,2024-01-01 18:00:00,5.113415493369952,True
Sensor_20,2024-01-01 19:00:00,4.736833360724118,False
Sensor_21,2024-01-01 20:00:00,5.424958052057801,False
Sensor_22,2024-01-01 21:00:00,5.48175783897138,False
Sensor_23,2024-01-01 22:00:00,8.050384991061868,False
Sensor_24,2024-01-01 23:00:00,8.097119835955285,True
Sensor_25,2024-01-02 00:00:00,8.690676426743542,True
Sensor_26,2024-01-02 01:00:00,5.488198556858628,False
Sensor_27,2024-01-02 02:00:00,5.439110474222417,False
Sensor_28,2024-01-02 03:00:00,7.40600810312006,True
Sensor_29,2024-01-02 04:00:00,3.7902938683916974,True
Sensor_30,2024-01-02 05:00:00,9.03751014721299,False
Sensor_31,2024-01-02 06:00:00,4.194932704434966,True
Sensor_32,2024-01-02 07:00:00,1.9885393562663443,False
Sensor_33,2024-01-02 08:00:00,9.952496979259966,False
Sensor_34,2024-01-02 09:00:00,6.480897246008793,True
Sensor_35,2024-01-02 10:00:00,7.582708182113646,False
Sensor_36,2024-01-02 11:00:00,1.0886394336171055,False
Sensor_37,2024-01-02 12:00:00,1.8771216984502952,False
Sensor_38,2024-01-02 13:00:00,6.946062154677747,True
Sensor_39,2024-01-02 14:00:00,5.4026345042797335,False
Sensor_40,2024-01-02 15:00:00,4.793355536494087,True
Sensor_41,2024-01-02 16:00:00,3.136629015038746,False
Sensor_42,2024-01-02 17:00:00,4.771381542640238,True
Sensor_43,2024-01-02 18:00:00,2.925339603083084,False
Sensor_44,2024-01-02 19:00:00,8.460412799858048,True
Sensor_45,2024-01-02 20:00:00,4.896682957143072,False
Sensor_46,2024-01-02 21:00:00,1.806529077921715,False
Sensor_47,2024-01-02 22:00:00,9.593226788592801,True
Sensor_48,2024-01-02 23:00:00,3.2824563866646432,True
Sensor_49,2024-01-03 00:00:00,7.682421048997825,False
Sensor_50,2024-01-03 01:00:00,5.918327838363385,False
Sensor_51,2024-01-03 02:00:00,0.7538117658133083,False
Sensor_52,2024-01-03 03:00:00,1.1145375352021876,False
Sensor_53,2024-01-03 04:00:00,9.465726103142638,False
Sensor_54,2024-01-03 05:00:00,2.946304552092746,False
Sensor_55,2024-01-03 06:00:00,7.657136617843774,True
Sensor_56,2024-01-03 07:00:00,3.094862219867659,False
Sensor_57,2024-01-03 08:00:00,2.1095653804797827,False
Sensor_58,2024-01-03 09:00:00,1.0298016486256127,False
Sensor_59,2024-01-03 10:00:00,9.700475596550147,False
Sensor_60,2024-01-03 11:00:00,9.822089595235738,False
Sensor_61,2024-01-03 12:00:00,1.9256487590353297,False
Sensor_62,2024-01-03 13:00:00,9.949880874129,False
Sensor_63,2024-01-03 14:00:00,6.968659750591544,False
Sensor_64,2024-01-03 15:00:00,0.6113051955039763,False
Sensor_65,2024-01-03 16:00:00,2.2479399258521067,False
Sensor_66,2024-01-03 17:00:00,5.8199786450294075,True
Sensor_67,2024-01-03 18:00:00,5.1961764850567285,False
Sensor_68,2024-01-03 19:00:00,3.5802882607601205,False
Sensor_69,2024-01-03 20:00:00,0.7310373877021462,False
Sensor_70,2024-01-03 21:00:00,8.04830982329485,True
Sensor_71,2024-01-03 22:00:00,9.479576371485756,False
Sensor_72,2024-01-03 23:00:00,4.41775928967756,False
Sensor_73,2024-01-04 00:00:00,8.452324744487948,True
Sensor_74,2024-01-04 01:00:00,4.541004075062499,False
Sensor_75,2024-01-04 02:00:00,6.295659676886614,False
Sensor_76,2024-01-04 03:00:00,6.965525260336246,False
Sensor_77,2024-01-04 04:00:00,1.186712437493839,False
Sensor_78,2024-01-04 05:00:00,3.7935060039894175,True
Sensor_79,2024-01-04 06:00:00,8.42207186997174,True
Sensor_80,2024-01-04 07:00:00,1.9293773099344373,False
Sensor_81,2024-01-04 08:00:00,3.0705828595956888,False
Sensor_82,2024-01-04 09:00:00,5.954199296970504,False
Sensor_83,2024-01-04 10:00:00,6.212867613302681,False
Sensor_84,2024-01-04 11:00:00,1.5757235456892809,False
Sensor_85,2024-01-04 12:00:00,1.383711860276736,False
Sensor_86,2024-01-04 13:00:00,7.084040542125795,True
Sensor_87,2024-01-04 14:00:00,4.80195214359122,False
Sensor_88,2024-01-04 15:00:00,6.093509251914127,True
Sensor_89,2024-01-04 16:00:00,3.560021975289595,False
Sensor_90,2024-01-04 17:00:00,0.659096053954978,False
Sensor_91,2024-01-04 18:00:00,2.216518479272582,False
Sensor_92,2024-01-04 19:00:00,2.0275248498247036,False
Sensor_93,2024-01-04 20:00:00,4.1427597986880595,True
Sensor_94,2024-01-04 21:00:00,6.056041769013137,False
Sensor_95,2024-01-04 22:00:00,3.0348168155404744,False
Sensor_96,2024-01-04 23:00:00,8.557975762168452,False
Sensor_97,2024-01-05 00:00:00,2.3778601133513626,False
Sensor_98,2024-01-05 01:00:00,2.0311713744003974,False
Sensor_99,2024-01-05 02:00:00,8.580945286386767,False
Sensor_100,2024-01-05 03:00:00,5.961970137951963,True
Sensor_101,2024-01-05 04:00:00,1.9549440877678987,False
Sensor_102,2024-01-05 05:00:00,4.965730936176981,False
Sensor_103,2024-01-05 06:00:00,2.5774209979970717,False
Sensor_104,2024-01-05 07:00:00,4.981155715834129,False
Sensor_105,2024-01-05 08:00:00,9.82625421040668,False
Sensor_106,2024-01-05 09:00:00,9.234764430205825,True
Sensor_107,2024-01-05 10:00:00,9.864689021234353,True
Sensor_108,2024-01-05 11:00:00,7.76663593745889,True
Sensor_109,2024-01-05 12:00:00,2.6521957587005054,False
Sensor_110,2024-01-05 13:00:00,6.528964622851432,False
Sensor_111,2024-01-05 14:00:00,8.239537856806344,True
Sensor_112,2024-01-05 15:00:00,0.5642844326831016,False
Sensor_113,2024-01-05 16:00:00,6.531039394220769,True
Sensor_114,2024-01-05 17:00:00,9.339951097250951,False
Sensor_115,2024-01-05 18:00:00,9.175066034162706,False
Sensor_116,2024-01-05 19:00:00,2.245814932609247,True
Sensor_117,2024-01-05 20:00:00,9.167184430218233,False
Sensor_118,2024-01-05 21:00:00,8.999754316912579,False
Sensor_119,2024-01-05 22:00:00,7.535966468793271,True
Sensor_120,2024-01-05 23:00:00,6.924916595475941,False
Sensor_121,2024-01-06 00:00:00,4.646656767077607,False
Sensor_122,2024-01-06 01:00:00,9.401787297100164,False
Sensor_123,2024-01-06 02:00:00,5.398195739389496,True
Sensor_124,2024-01-06 03:00:00,9.93015842621836,False
Sensor_125,2024-01-06 04:00:00,1.5331726651386506,True
Sensor_126,2024-01-06 05:00:00,6.569655130805759,False
Sensor_127,2024-01-06 06:00:00,8.489891560680501,False
Sensor_128,2024-01-06 07:00:00,8.398198401950054,False
Sensor_129,2024-01-06 08:00:00,2.0478715167436747,False
Sensor_130,2024-01-06 09:00:00,3.691978716577421,True
Sensor_131,2024-01-06 10:00:00,7.376700221951182,False
Sensor_132,2024-01-06 11:00:00,0.9712992751226469,False
Sensor_133,2024-01-06 12:00:00,1.7861542516096371,True
Sensor_134,2024-01-06 13:00:00,8.923824333771554,False
Sensor_135,2024-01-06 14:00:00,3.520726253973692,False
Sensor_136,2024-01-06 15:00:00,5.6142721512567935,False
Sensor_137,2024-01-06 16:00:00,8.796619728769494,False
Sensor_138,2024-01-06 17:00:00,2.2891649079482965,False
Sensor_139,2024-01-06 18:00:00,4.656104652280216,False
Sensor_140,2024-01-06 19:00:00,6.855821480544038,True
Sensor_141,2024-01-06 20:00:00,8.168880717525175,False
Sensor_142,2024-01-06 21:00:00,4.883387309807233,False
Sensor_143,2024-01-06 22:00:00,9.87552678940309,False
Sensor_144,2024-01-06 23:00:00,2.0292237781628444,False
Sensor_145,2024-01-07 00:00:00,7.683968454114971,True
Sensor_146,2024-01-07 01:00:00,1.41164643350548,True
Sensor_147,2024-01-07 02:00:00,6.125895635906174,True
Sensor_148,2024-01-07 03:00:00,9.65020814788379,False
Sensor_149,2024-01-07 04:00:00,2.615781860064349,False
Sensor_150,2024-01-07 05:00:00,6.445659917990426,False
Sensor_151,2024-01-07 06:00:00,6.65152419075381,False
Sensor_152,2024-01-07 07:00:00,6.38721967032575,True
Sensor_153,2024-01-07 08:00:00,3.640259617164449,True
Sensor_154,2024-01-07 09:00:00,4.880542555578206,False
Sensor_155,2024-01-07 10:00:00,3.871944650859969,True
Sensor_156,2024-01-07 11:00:00,3.58378311862013,True
Sensor_157,2024-01-07 12:00:00,8.665767487633904,False
Sensor_158,2024-01-07 13:00:00,2.7443419731589644,True
Sensor_159,2024-01-07 14:00:00,1.3700262348773777,True
Sensor_160,2024-01-07 15:00:00,4.129957230575404,False
Sensor_161,2024-01-07 16:00:00,5.952427428214793,False
Sensor_162,2024-01-07 17:00:00,6.444718044091277,True
Sensor_163,2024-01-07 18:00:00,6.570342934236264,True
Sensor_164,2024-01-07 19:00:00,7.037967496179302,False
Sensor_165,2024-01-07 20:00:00,8.764656706262002,False
Sensor_166,2024-01-07 21:00:00,3.860034336883548,False
Sensor_167,2024-01-07 22:00:00,5.611249897960322,False
Sensor_168,2024-01-07 23:00:00,9.792428350233353,False
Sensor_169,2024-01-08 00:00:00,2.5947094946095,False
Sensor_170,2024-01-08 01:00:00,5.7683736124830585,False
Sensor_171,2024-01-08 02:00:00,5.949214504741036,False
Sensor_172,2024-01-08 03:00:00,1.118922312225233,False
Sensor_173,2024-01-08 04:00:00,1.885691360210661,False
Sensor_174,2024-01-08 05:00:00,8.601050558646522,False
Sensor_175,2024-01-08 06:00:00,5.562401844619531,False
Sensor_176,2024-01-08 07:00:00,6.316621686621535,False
Sensor_177,2024-01-08 08:00:00,1.7061010108343337,False
Sensor_178,2024-01-08 09:00:00,2.4312230785652664,False
Sensor_179,2024-01-08 10:00:00,2.320325232353736,True
Sensor_180,2024-01-08 11:00:00,4.134224042249082,False
Sensor_181,2024-01-08 12:00:00,4.337732918717553,False
Sensor_182,2024-01-08 13:00:00,1.7022218164174425,False
Sensor_183,2024-01-08 14:00:00,5.70265667838496,False
Sensor_184,2024-01-08 15:00:00,9.373843970214986,False
Sensor_185,2024-01-08 16:00:00,9.008090748965627,False
Sensor_186,2024-01-08 17:00:00,3.0561351909272334,False
Sensor_187,2024-01-08 18:00:00,6.876852970696814,False
Sensor_188,2024-01-08 19:00:00,0.92239017148535,False
Sensor_189,2024-01-08 20:00:00,6.658923840770167,False
Sensor_190,2024-01-08 21:00:00,2.3967569172196193,False
Sensor_191,2024-01-08 22:00:00,1.9298872969836198,False
Sensor_192,2024-01-08 23:00:00,6.313582749727448,False
Sensor_193,2024-01-09 00:00:00,3.803908679078903,False
Sensor_194,2024-01-09 01:00:00,0.9518397986351206,False
Sensor_195,2024-01-09 02:00:00,8.300068366516198,False
Sensor_196,2024-01-09 03:00:00,7.332162589260351,False
Sensor_197,2024-01-09 04:00:00,5.507055321479463,False
Sensor_198,2024-01-09 05:00:00,5.1739494237911865,False
Sensor_199,2024-01-09 06:00:00,5.824357848431301,True
Sensor_200,2024-01-09 07:00:00,2.2791580492017265,True
Sensor_201,2024-01-09 08:00:00,4.8657794527887015,False
Sensor_202,2024-01-09 09:00:00,1.4672728966134896,True
Sensor_203,2024-01-09 10:00:00,4.707202876105222,False
Sensor_204,2024-01-09 11:00:00,6.870816128782418,False
Sensor_205,2024-01-09 12:00:00,9.644503217838265,True
Sensor_206,2024-01-09 13:00:00,7.890588940109701,False
Sensor_207,2024-01-09 14:00:00,9.905713180239337,False
Sensor_208,2024-01-09 15:00:00,7.754602882536751,False
Sensor_209,2024-01-09 16:00:00,7.367844348992108,True
Sensor_210,2024-01-09 17:00:00,7.843928996413373,False
Sensor_211,2024-01-09 18:00:00,6.697091313015871,False
Sensor_212,2024-01-09 19:00:00,4.8855791244885145,False
Sensor_213,2024-01-09 20:00:00,2.5812951622074483,False
Sensor_214,2024-01-09 21:00:00,9.149596590878541,False
Sensor_215,2024-01-09 22:00:00,6.661341567156234,True
Sensor_216,2024-01-09 23:00:00,2.9028981064602037,True
Sensor_217,2024-01-10 00:00:00,1.351823621189147,True
Sensor_218,2024-01-10 01:00:00,0.5040210610194844,True
Sensor_219,2024-01-10 02:00:00,9.207842348912523,False
Sensor_220,2024-01-10 03:00:00,7.705423804216678,False
Sensor_221,2024-01-10 04:00:00,4.375840698479214,False
Sensor_222,2024-01-10 05:00:00,1.3819940071100802,False
Sensor_223,2024-01-10 06:00:00,2.394297061973834,False
Sensor_224,2024-01-10 07:00:00,1.9837788128332043,False
Sensor_225,2024-01-10 08:00:00,4.055596526858004,False
Sensor_226,2024-01-10 09:00:00,8.574809580404528,True
Sensor_227,2024-01-10 10:00:00,0.9603421927758624,False
Sensor_228,2024-01-10 11:00:00,3.9051782224119904,False
Sensor_229,2024-01-10 12:00:00,5.016894208973816,False
Sensor_230,2024-01-10 13:00:00,8.99946202193171,True
Sensor_231,2024-01-10 14:00:00,7.187609802603399,False
Sensor_232,2024-01-10 15:00:00,2.065913280564057,True
Sensor_233,2024-01-10 16:00:00,4.789783796217455,False
Sensor_234,2024-01-10 17:00:00,3.0012676630829516,True
Sensor_235,2024-01-10 18:00:00,7.446337440850644,False
Sensor_236,2024-01-10 19:00:00,9.575069275983937,False
Sensor_237,2024-01-10 20:00:00,2.901094411670198,False
Sensor_238,2024-01-10 21:00:00,8.291618131751008,False
Sensor_239,2024-01-10 22:00:00,0.8073634637089446,False
Sensor_240,2024-01-10 23:00:00,6.357569310482061,False
Sensor_241,2024-01-11 00:00:00,6.5448608497433245,False
Sensor_242,2024-01-11 01:00:00,5.67053193132428,True
Sensor_243,2024-01-11 02:00:00,9.84905821334942,True
Sensor_244,2024-01-11 03:00:00,4.960102969593016,True
Sensor_245,2024-01-11 04:00:00,2.5143525335119814,False
Sensor_246,2024-01-11 05:00:00,7.969343027037197,False
Sensor_247,2024-01-11 06:00:00,1.307643015662911,True
Sensor_248,2024-01-11 07:00:00,4.358971907745705,True
Sensor_249,2024-01-11 08:00:00,3.3003072599934047,True
Sensor_250,2024-01-11 09:00:00,0.8551897241868675,True
Sensor_251,2024-01-11 10:00:00,8.960610204739439,False
Sensor_252,2024-01-11 11:00:00,1.2070394093566725,False
Sensor_253,2024-01-11 12:00:00,0.9666972075275531,False
Sensor_254,2024-01-11 13:00:00,4.976956047692093,False
Sensor_255,2024-01-11 14:00:00,8.712382139894421,False
Sensor_256,2024-01-11 15:00:00,8.438870228790247,True
Sensor_257,2024-01-11 16:00:00,0.8567151841887845,True
Sensor_258,2024-01-11 17:00:00,1.0252585168390698,True
Sensor_259,2024-01-11 18:00:00,4.0242554846894745,False
Sensor_260,2024-01-11 19:00:00,8.504751801752786,False
Sensor_261,2024-01-11 20:00:00,9.886055935955962,False
Sensor_262,2024-01-11 21:00:00,9.190840796093166,False
Sensor_263,2024-01-11 22:00:00,7.087784841939663,False
Sensor_264,2024-01-11 23:00:00,0.808568745183986,False
Sensor_265,2024-01-12 00:00:00,6.447724883573537,False
Sensor_266,2024-01-12 01:00:00,2.974354772698557,False
Sensor_267,2024-01-12 02:00:00,7.766204687895913,False
Sensor_268,2024-01-12 03:00:00,1.3016051846666055,False
Sensor_269,2024-01-12 04:00:00,0.8107264368700309,True
Sensor_270,2024-01-12 05:00:00,9.435072941743076,False
Sensor_271,2024-01-12 06:00:00,4.8934222861746335,False
Sensor_272,2024-01-12 07:00:00,4.490768687570904,False
Sensor_273,2024-01-12 08:00:00,6.896774249557516,False
Sensor_274,2024-01-12 09:00:00,8.740181792989762,False
Sensor_275,2024-01-12 10:00:00,4.536149473026196,False
Sensor_276,2024-01-12 11:00:00,6.153432618843011,False
Sensor_277,2024-01-12 12:00:00,9.17840765841499,False
Sensor_278,2024-01-12 13:00:00,9.01912414895393,False
Sensor_279,2024-01-12 14:00:00,1.9678249692279954,False
Sensor_280,2024-01-12 15:00:00,3.1236943708426774,True
Sensor_281,2024-01-12 16:00:00,7.095887937145305,True
Sensor_282,2024-01-12 17:00:00,4.609297475484918,True
Sensor_283,2024-01-12 18:00:00,3.942422877669737,False
Sensor_284,2024-01-12 19:00:00,2.857674249996031,False
Sensor_285,2024-01-12 20:00:00,9.142708740692575,False
Sensor_286,2024-01-12 21:00:00,4.15343838488833,True
Sensor_287,2024-01-12 22:00:00,2.368849687315829,False
Sensor_288,2024-01-12 23:00:00,7.266971958526279,False
Sensor_289,2024-01-13 00:00:00,8.598018713838487,True
Sensor_290,2024-01-13 01:00:00,8.993789276095042,True
Sensor_291,2024-01-13 02:00:00,2.614400277630376,True
Sensor_292,2024-01-13 03:00:00,9.753162603821073,False
Sensor_293,2024-01-13 04:00:00,3.7864616354134872,True
Sensor_294,2024-01-13 05:00:00,6.296146874615833,True
Sensor_295,2024-01-13 06:00:00,4.8045838649300885,False
Sensor_296,2024-01-13 07:00:00,8.652118698731954,True
Sensor_297,2024-01-13 08:00:00,0.7954107441511826,False
Sensor_298,2024-01-13 09:00:00,7.724947941823241,True
Sensor_299,2024-01-13 10:00:00,9.974930514833998,False
Sensor_300,2024-01-13 11:00:00,5.529229096543334,True
Sensor_301,2024-01-13 12:00:00,9.070141332881773,False
Sensor_302,2024-01-13 13:00:00,8.728880900688695,False
Sensor_303,2024-01-13 14:00:00,4.219855780577635,True
Sensor_304,2024-01-13 15:00:00,1.5515008285944027,True
Sensor_305,2024-01-13 16:00:00,0.5092340015923468,True
Sensor_306,2024-01-13 17:00:00,9.348579970761051,False
Sensor_307,2024-01-13 18:00:00,3.3389866223379343,False
Sensor_308,2024-01-13 19:00:00,1.9224691903338802,False
Sensor_309,2024-01-13 20:00:00,1.206554581723307,False
Sensor_310,2024-01-13 21:00:00,4.819504127748177,False
Sensor_311,2024-01-13 22:00:00,0.7187545299277605,False
Sensor_312,2024-01-13 23:00:00,4.594024851038385,False
Sensor_313,2024-01-14 00:00:00,7.2261853092073,False
Sensor_314,2024-01-14 01:00:00,5.11621676673883,True
Sensor_315,2024-01-14 02:00:00,3.5116810547408646,False
Sensor_316,2024-01-14 03:00:00,6.09536709676971,True
Sensor_317,2024-01-14 04:00:00,0.5401606561531583,False
Sensor_318,2024-01-14 05:00:00,2.210655512178445,False
Sensor_319,2024-01-14 06:00:00,1.3921642533914846,True
Sensor_320,2024-01-14 07:00:00,5.223245593250473,False
Sensor_321,2024-01-14 08:00:00,9.969292516853123,False
Sensor_322,2024-01-14 09:00:00,2.701356794775589,True
Sensor_323,2024-01-14 10:00:00,2.6242725993190383,False
Sensor_324,2024-01-14 11:00:00,6.8542536271743195,False
Sensor_325,2024-01-14 12:00:00,5.201609322587647,False
Sensor_326,2024-01-14 13:00:00,4.967619964735407,True
Sensor_327,2024-01-14 14:00:00,9.954833400435382,False
Sensor_328,2024-01-14 15:00:00,2.2596711211385356,False
Sensor_329,2024-01-14 16:00:00,4.036182891709457,False
Sensor_330,2024-01-14 17:00:00,5.627107468042125,False
Sensor_331,2024-01-14 18:00:00,9.294034744330236,False
Sensor_332,2024-01-14 19:00:00,1.1006977900864268,False
Sensor_333,2024-01-14 20:00:00,4.81470095430168,False
Sensor_334,2024-01-14 21:00:00,7.206252737442157,True
Sensor_335,2024-01-14 22:00:00,2.8204687467409033,False
Sensor_336,2024-01-14 23:00:00,8.390051947572513,True
Sensor_337,2024-01-15 00:00:00,3.798705529704844,False
Sensor_338,2024-01-15 01:00:00,8.780104418846047,False
Sensor_339,2024-01-15 02:00:00,1.8981825828459604,True
Sensor_340,2024-01-15 03:00:00,5.574575851533118,False
Sensor_341,2024-01-15 04:00:00,8.885751074152706,True
Sensor_342,2024-01-15 05:00:00,0.7397789984357301,False
Sensor_343,2024-01-15 06:00:00,3.401882457175371,False
Sensor_344,2024-01-15 07:00:00,9.787249787501986,False
Sensor_345,2024-01-15 08:00:00,0.9033058538249431,True
Sensor_346,2024-01-15 09:00:00,9.441572256043562,False
Sensor_347,2024-01-15 10:00:00,2.295649001656897,False
Sensor_348,2024-01-15 11:00:00,8.826610891850798,False
Sensor_349,2024-01-15 12:00:00,8.775496804375868,True
Sensor_350,2024-01-15 13:00:00,5.2239771401040995,False
Sensor_351,2024-01-15 14:00:00,4.455849802098819,True
Sensor_352,2024-01-15 15:00:00,5.32643645455601,True
Sensor_353,2024-01-15 16:00:00,7.610249935771322,False
Sensor_354,2024-01-15 17:00:00,2.522772932521963,False
Sensor_355,2024-01-15 18:00:00,0.8833218026049374,False
Sensor_356,2024-01-15 19:00:00,3.7856534668413024,False
Sensor_357,2024-01-15 20:00:00,5.006477673428792,True
Sensor_358,2024-01-15 21:00:00,5.039873569309418,False
Sensor_359,2024-01-15 22:00:00,1.4972742783085824,False
Sensor_360,2024-01-15 23:00:00,6.664277333118793,False
Sensor_361,2024-01-16 00:00:00,9.03583941892999,True
Sensor_362,2024-01-16 01:00:00,5.862009876643323,True
Sensor_363,2024-01-16 02:00:00,1.0741034385828556,False
Sensor_364,2024-01-16 03:00:00,4.034010254191211,True
Sensor_365,2024-01-16 04:00:00,5.562296136222342,False
Sensor_366,2024-01-16 05:00:00,6.555414143716992,False
Sensor_367,2024-01-16 06:00:00,7.417446090563598,False
Sensor_368,2024-01-16 07:00:00,4.718693220501353,False
Sensor_369,2024-01-16 08:00:00,2.490540634715898,True
Sensor_370,2024-01-16 09:00:00,9.486095908814598,False
Sensor_371,2024-01-16 10:00:00,5.27713376997909,False
Sensor_372,2024-01-16 11:00:00,3.7421226445157196,False
Sensor_373,2024-01-16 12:00:00,8.026463177108859,False
Sensor_374,2024-01-16 13:00:00,4.833381191740664,False
Sensor_375,2024-01-16 14:00:00,8.926825081711543,False
Sensor_376,2024-01-16 15:00:00,4.551664825495359,False
Sensor_377,2024-01-16 16:00:00,3.1522204918102505,False
Sensor_378,2024-01-16 17:00:00,2.859675704990562,False
Sensor_379,2024-01-16 18:00:00,8.683614310520923,True
Sensor_380,2024-01-16 19:00:00,3.2527390821242306,True
Sensor_381,2024-01-16 20:00:00,8.254272291476099,False
Sensor_382,2024-01-16 21:00:00,9.15672725007924,False
Sensor_383,2024-01-16 22:00:00,1.312956841337171,False
Sensor_384,2024-01-16 23:00:00,0.6506918538617452,False
Sensor_385,2024-01-17 00:00:00,4.773640417645849,False
Sensor_386,2024-01-17 01:00:00,6.260351132124077,True
Sensor_387,2024-01-17 02:00:00,9.722303557455652,True
Sensor_388,2024-01-17 03:00:00,2.824140932740738,False
Sensor_389,2024-01-17 04:00:00,6.575699025744491,False
Sensor_390,2024-01-17 05:00:00,7.124989739674351,True
Sensor_391,2024-01-17 06:00:00,4.009647084715613,False
Sensor_392,2024-01-17 07:00:00,2.158049879645774,False
Sensor_393,2024-01-17 08:00:00,0.5758686003256841,False
Sensor_394,2024-01-17 09:00:00,9.042647607829402,False
Sensor_395,2024-01-17 10:00:00,8.09091193345976,True
Sensor_396,2024-01-17 11:00:00,4.145393807996928,False
Sensor_397,2024-01-17 12:00:00,8.27300571987953,False
Sensor_398,2024-01-17 13:00:00,1.4242662169464075,False
Sensor_399,2024-01-17 14:00:00,8.656572604541296,False
Sensor_400,2024-01-17 15:00:00,7.887957394856352,False
Sensor_401,2024-01-17 16:00:00,8.932852596104144,False
Sensor_402,2024-01-17 17:00:00,5.071372159920422,False
Sensor_403,2024-01-17 18:00:00,7.171967679822027,False
Sensor_404,2024-01-17 19:00:00,8.928492862507257,False
Sensor_405,2024-01-17 20:00:00,7.451578771234141,False
Sensor_406,2024-01-17 21:00:00,3.124589807920633,False
Sensor_407,2024-01-17 22:00:00,5.9254238631215035,False
Sensor_408,2024-01-17 23:00:00,7.274209388689927,True
Sensor_409,2024-01-18 00:00:00,9.850919100403317,True
Sensor_410,2024-01-18 01:00:00,3.2080309350453584,True
Sensor_411,2024-01-18 02:00:00,9.050990361115444,False
Sensor_412,2024-01-18 03:00:00,4.687846741152911,False
Sensor_413,2024-01-18 04:00:00,4.981237515172632,False
Sensor_414,2024-01-18 05:00:00,3.0740770802097774,False
Sensor_415,2024-01-18 06:00:00,4.738562698131078,False
Sensor_416,2024-01-18 07:00:00,5.930265402776494,False
Sensor_417,2024-01-18 08:00:00,6.039415939518568,False
Sensor_418,2024-01-18 09:00:00,8.055014862200574,True
Sensor_419,2024-01-18 10:00:00,1.124331288285563,True
Sensor_420,2024-01-18 11:00:00,1.9417112838328057,True
Sensor_421,2024-01-18 12:00:00,4.772517187044752,False
Sensor_422,2024-01-18 13:00:00,1.8369779967887963,False
Sensor_423,2024-01-18 14:00:00,4.148907501171239,False
Sensor_424,2024-01-18 15:00:00,3.2082424498259487,False
Sensor_425,2024-01-18 16:00:00,8.298089118116685,False
Sensor_426,2024-01-18 17:00:00,0.9623663852531933,False
Sensor_427,2024-01-18 18:00:00,7.8439338355049815,False
Sensor_428,2024-01-18 19:00:00,8.096821436252231,False
Sensor_429,2024-01-18 20:00:00,1.0681157040810563,False
Sensor_430,2024-01-18 21:00:00,1.225104141886106,False
Sensor_431,2024-01-18 22:00:00,3.635754600879891,False
Sensor_432,2024-01-18 23:00:00,7.377825219109792,False
Sensor_433,2024-01-19 00:00:00,8.450698314711053,False
Sensor_434,2024-01-19 01:00:00,1.3132990344908062,False
Sensor_435,2024-01-19 02:00:00,5.596492498464283,False
Sensor_436,2024-01-19 03:00:00,7.03658668365788,False
Sensor_437,2024-01-19 04:00:00,4.1529960373861785,False
Sensor_438,2024-01-19 05:00:00,1.7197346562232936,False
Sensor_439,2024-01-19 06:00:00,3.8203914217503856,False
Sensor_440,2024-01-19 07:00:00,6.30413226211687,False
Sensor_441,2024-01-19 08:00:00,4.470667112543614,False
Sensor_442,2024-01-19 09:00:00,3.1183907504833215,False
Sensor_443,2024-01-19 10:00:00,1.332202665981893,False
Sensor_444,2024-01-19 11:00:00,5.23133932741608,False
Sensor_445,2024-01-19 12:00:00,5.156911277563346,False
Sensor_446,2024-01-19 13:00:00,1.595752165078629,False
Sensor_447,2024-01-19 14:00:00,1.885286054749166,True
Sensor_448,2024-01-19 15:00:00,7.7714603263300885,False
Sensor_449,2024-01-19 16:00:00,4.510597744884018,False
Sensor_450,2024-01-19 17:00:00,9.975218930008166,True
Sensor_451,2024-01-19 18:00:00,3.9140146505764335,True
Sensor_452,2024-01-19 19:00:00,2.5838941139414286,False
Sensor_453,2024-01-19 20:00:00,3.847116719710306,True
Sensor_454,2024-01-19 21:00:00,2.156139478037648,True
Sensor_455,2024-01-19 22:00:00,0.7226776610399465,False
Sensor_456,2024-01-19 23:00:00,7.74675157968845,False
Sensor_457,2024-01-20 00:00:00,9.903070260261588,True
Sensor_458,2024-01-20 01:00:00,7.921928199509924,False
Sensor_459,2024-01-20 02:00:00,1.1210712353189634,False
Sensor_460,2024-01-20 03:00:00,5.34438021490774,False
Sensor_461,2024-01-20 04:00:00,5.437577481393403,False
Sensor_462,2024-01-20 05:00:00,1.1133461035033076,False
Sensor_463,2024-01-20 06:00:00,7.514761521779551,True
Sensor_464,2024-01-20 07:00:00,3.147826428658044,False
Sensor_465,2024-01-20 08:00:00,9.330071486638115,False
Sensor_466,2024-01-20 09:00:00,8.005933396766581,False
Sensor_467,2024-01-20 10:00:00,0.7488965600518913,True
Sensor_468,2024-01-20 11:00:00,6.099923426302757,False
Sensor_469,2024-01-20 12:00:00,3.7874857815043304,False
Sensor_470,2024-01-20 13:00:00,1.7176890231147426,True
Sensor_471,2024-01-20 14:00:00,5.229472050427327,False
Sensor_472,2024-01-20 15:00:00,1.4415565038236258,False
Sensor_473,2024-01-20 16:00:00,8.023926192161468,False
Sensor_474,2024-01-20 17:00:00,7.239389570758336,False
Sensor_475,2024-01-20 18:00:00,8.118106086257615,True
Sensor_476,2024-01-20 19:00:00,8.541063902778466,False
Sensor_477,2024-01-20 20:00:00,1.1973934536075435,False
Sensor_478,2024-01-20 21:00:00,4.252023553262287,True
Sensor_479,2024-01-20 22:00:00,5.717250875976362,False
Sensor_480,2024-01-20 23:00:00,4.606638236712016,True
Sensor_481,2024-01-21 00:00:00,6.433197486541383,True
Sensor_482,2024-01-21 01:00:00,2.2463236276825524,False
Sensor_483,2024-01-21 02:00:00,3.9820505880109884,False
Sensor_484,2024-01-21 03:00:00,4.043552440487981,True
Sensor_485,2024-01-21 04:00:00,9.155397909396658,True
Sensor_486,2024-01-21 05:00:00,6.47158047918683,False
Sensor_487,2024-01-21 06:00:00,9.14076110371304,True
Sensor_488,2024-01-21 07:00:00,7.265528136935676,True
Sensor_489,2024-01-21 08:00:00,8.174038768364717,True
Sensor_490,2024-01-21 09:00:00,4.469982392575287,False
Sensor_491,2024-01-21 10:00:00,9.410231718175934,True
Sensor_492,2024-01-21 11:00:00,3.495778653831226,False
Sensor_493,2024-01-21 12:00:00,1.888756597425488,True
Sensor_494,2024-01-21 13:00:00,8.308297883274795,False
Sensor_495,2024-01-21 14:00:00,2.4646664211401728,False
Sensor_496,2024-01-21 15:00:00,1.4480497602266102,True
Sensor_497,2024-01-21 16:00:00,7.078675957855431,False
Sensor_498,2024-01-21 17:00:00,8.264265706881142,True
Sensor_499,2024-01-21 18:00:00,9.99770661678781,False
Sensor_500,2024-01-21 19:00:00,2.1771919509565754,False
Sensor_501,2024-01-21 20:00:00,8.79747007117955,True
Sensor_502,2024-01-21 21:00:00,8.66989491419536,True
Sensor_503,2024-01-21 22:00:00,4.622424596267755,False
Sensor_504,2024-01-21 23:00:00,2.9894419718499177,False
Sensor_505,2024-01-22 00:00:00,4.823842965035382,True
Sensor_506,2024-01-22 01:00:00,2.238702635349492,False
Sensor_507,2024-01-22 02:00:00,8.297141786320529,True
Sensor_508,2024-01-22 03:00:00,6.502834131769985,False
Sensor_509,2024-01-22 04:00:00,2.8706550613014037,False
Sensor_510,2024-01-22 05:00:00,7.445259491147026,False
Sensor_511,2024-01-22 06:00:00,7.575105085412756,False
Sensor_512,2024-01-22 07:00:00,4.698302398242827,False
Sensor_513,2024-01-22 08:00:00,2.2623454766034206,False
Sensor_514,2024-01-22 09:00:00,8.783861771276836,True
Sensor_515,2024-01-22 10:00:00,4.014050827745287,False
Sensor_516,2024-01-22 11:00:00,1.3076144224488395,True
Sensor_517,2024-01-22 12:00:00,3.866256064217628,False
Sensor_518,2024-01-22 13:00:00,8.985512663994166,False
Sensor_519,2024-01-22 14:00:00,8.679948153875939,False
Sensor_520,2024-01-22 15:00:00,5.994656386712687,False
Sensor_521,2024-01-22 16:00:00,4.437670069030744,False
Sensor_522,2024-01-22 17:00:00,1.7213686665730836,True
Sensor_523,2024-01-22 18:00:00,1.6363342664107254,False
Sensor_524,2024-01-22 19:00:00,6.259339389284612,False
Sensor_525,2024-01-22 20:00:00,4.843593206108765,False
Sensor_526,2024-01-22 21:00:00,7.295523744752108,False
Sensor_527,2024-01-22 22:00:00,9.168259646554999,True
Sensor_528,2024-01-22 23:00:00,6.130636308556263,False
Sensor_529,2024-01-23 00:00:00,1.9356292517884524,True
Sensor_530,2024-01-23 01:00:00,0.6423705562861154,False
Sensor_531,2024-01-23 02:00:00,8.78103141317019,False
Sensor_532,2024-01-23 03:00:00,8.716145816975553,True
Sensor_533,2024-01-23 04:00:00,6.047242474902985,False
Sensor_534,2024-01-23 05:00:00,7.836562070725796,False
Sensor_535,2024-01-23 06:00:00,1.9142413743208992,False
Sensor_536,2024-01-23 07:00:00,2.980903457361122,False
Sensor_537,2024-01-23 08:00:00,2.530918175823143,True
Sensor_538,2024-01-23 09:00:00,7.943269397523543,False
Sensor_539,2024-01-23 10:00:00,5.409219222037068,False
Sensor_540,2024-01-23 11:00:00,8.558106357314403,False
Sensor_541,2024-01-23 12:00:00,5.066468463275291,False
Sensor_542,2024-01-23 13:00:00,8.754542371759264,False
Sensor_543,2024-01-23 14:00:00,8.004299051690076,False
Sensor_544,2024-01-23 15:00:00,7.503077710022551,False
Sensor_545,2024-01-23 16:00:00,4.020405259282219,True
Sensor_546,2024-01-23 17:00:00,4.711225493820127,False
Sensor_547,2024-01-23 18:00:00,4.6488000020520435,True
Sensor_548,2024-01-23 19:00:00,8.528790262679403,False
Sensor_549,2024-01-23 20:00:00,5.967748219088831,False
Sensor_550,2024-01-23 21:00:00,3.3046413214414123,True
Sensor_551,2024-01-23 22:00:00,1.9726561383465429,True
Sensor_552,2024-01-23 23:00:00,9.180944950373384,True
Sensor_553,2024-01-24 00:00:00,2.8882094663532505,False
Sensor_554,2024-01-24 01:00:00,4.6187200800280035,True
Sensor_555,2024-01-24 02:00:00,1.4825316851613004,True
Sensor_556,2024-01-24 03:00:00,2.994768746046432,True
Sensor_557,2024-01-24 04:00:00,4.519753341434977,False
Sensor_558,2024-01-24 05:00:00,2.3892487115858447,True
Sensor_559,2024-01-24 06:00:00,9.14279647699846,False
Sensor_560,2024-01-24 07:00:00,3.4543931023521335,False
Sensor_561,2024-01-24 08:00:00,1.9950696334288622,False
Sensor_562,2024-01-24 09:00:00,3.225177519148944,False
Sensor_563,2024-01-24 10:00:00,3.425490123878954,False
Sensor_564,2024-01-24 11:00:00,9.66764748926648,False
Sensor_565,2024-01-24 12:00:00,4.023892668592953,False
Sensor_566,2024-01-24 13:00:00,9.34013154009931,False
Sensor_567,2024-01-24 14:00:00,6.91686064276624,False
Sensor_568,2024-01-24 15:00:00,2.52647528890897,True
Sensor_569,2024-01-24 16:00:00,3.44453586340756,True
Sensor_570,2024-01-24 17:00:00,8.767769202947239,True
Sensor_571,2024-01-24 18:00:00,7.063576613209678,False
Sensor_572,2024-01-24 19:00:00,9.641716441228086,False
Sensor_573,2024-01-24 20:00:00,9.589129351125033,False
Sensor_574,2024-01-24 21:00:00,6.933352397306335,False
Sensor_575,2024-01-24 22:00:00,9.984295335730671,False
Sensor_576,2024-01-24 23:00:00,8.850404903365813,True
Sensor_577,2024-01-25 00:00:00,8.317970697209423,True
Sensor_578,2024-01-25 01:00:00,2.3650151556053123,False
Sensor_579,2024-01-25 02:00:00,3.817007572418888,False
Sensor_580,2024-01-25 03:00:00,6.224734412130955,False
Sensor_581,2024-01-25 04:00:00,7.423013171874432,False
Sensor_582,2024-01-25 05:00:00,9.597638442842575,False
Sensor_583,2024-01-25 06:00:00,4.939511706056336,False
Sensor_584,2024-01-25 07:00:00,5.733843917269376,False
Sensor_585,2024-01-25 08:00:00,5.126662243507265,False
Sensor_586,2024-01-25 09:00:00,2.8926622088720104,False
Sensor_587,2024-01-25 10:00:00,8.631303160852076,True
Sensor_588,2024-01-25 11:00:00,6.189480136899146,False
Sensor_589,2024-01-25 12:00:00,5.972653330307646,False
Sensor_590,2024-01-25 13:00:00,7.574470506517998,False
Sensor_591,2024-01-25 14:00:00,7.140788118176074,True
Sensor_592,2024-01-25 15:00:00,6.906830237481656,True
Sensor_593,2024-01-25 16:00:00,8.691036633783453,False
Sensor_594,2024-01-25 17:00:00,1.2730225596047986,True
Sensor_595,2024-01-25 18:00:00,5.930129044148949,False
Sensor_596,2024-01-25 19:00:00,5.444025236425243,False
Sensor_597,2024-01-25 20:00:00,0.8980269880010169,False
Sensor_598,2024-01-25 21:00:00,1.7656369841179673,False
Sensor_599,2024-01-25 22:00:00,2.792536162844611,True
Sensor_600,2024-01-25 23:00:00,3.8044683303488283,True
Sensor_601,2024-01-26 00:00:00,7.385004351340289,False
Sensor_602,2024-01-26 01:00:00,6.276232942002299,False
Sensor_603,2024-01-26 02:00:00,3.4088832891322225,False
Sensor_604,2024-01-26 03:00:00,5.161572958888841,False
Sensor_605,2024-01-26 04:00:00,5.842200524381634,False
Sensor_606,2024-01-26 05:00:00,2.7229940562203847,True
Sensor_607,2024-01-26 06:00:00,6.8943653876461815,True
Sensor_608,2024-01-26 07:00:00,4.70606478033264,False
Sensor_609,2024-01-26 08:00:00,5.696983818957493,False
Sensor_610,2024-01-26 09:00:00,5.337995981130364,False
Sensor_611,2024-01-26 10:00:00,6.261916267767779,False
Sensor_612,2024-01-26 11:00:00,5.044280711740108,False
Sensor_613,2024-01-26 12:00:00,4.776575765927576,False
Sensor_614,2024-01-26 13:00:00,7.552967574521239,False
Sensor_615,2024-01-26 14:00:00,0.757137313993708,False
Sensor_616,2024-01-26 15:00:00,5.262219013551302,True
Sensor_617,2024-01-26 16:00:00,3.3876739472005273,False
Sensor_618,2024-01-26 17:00:00,2.6053195451057585,False
Sensor_619,2024-01-26 18:00:00,7.64421923726033,True
Sensor_620,2024-01-26 19:00:00,3.8577693488223765,False
Sensor_621,2024-01-26 20:00:00,4.825411401520551,False
Sensor_622,2024-01-26 21:00:00,8.901186787713135,False
Sensor_623,2024-01-26 22:00:00,2.7130127579164927,False
Sensor_624,2024-01-26 23:00:00,7.597369994167379,False
Sensor_625,2024-01-27 00:00:00,2.563237805604829,False
Sensor_626,2024-01-27 01:00:00,2.4722367037122575,True
Sensor_627,2024-01-27 02:00:00,7.552441308257684,True
Sensor_628,2024-01-27 03:00:00,5.634450088057159,False
Sensor_629,2024-01-27 04:00:00,5.960888135569172,True
Sensor_630,2024-01-27 05:00:00,8.45826309976854,False
Sensor_631,2024-01-27 06:00:00,3.586612047319863,False
Sensor_632,2024-01-27 07:00:00,7.524226250688058,False
Sensor_633,2024-01-27 08:00:00,9.785613249988563,False
Sensor_634,2024-01-27 09:00:00,4.53474216067011,False
Sensor_635,2024-01-27 10:00:00,7.843157708177314,True
Sensor_636,2024-01-27 11:00:00,4.138959094481896,False
Sensor_637,2024-01-27 12:00:00,5.448547158071836,False
Sensor_638,2024-01-27 13:00:00,7.586836218488705,True
Sensor_639,2024-01-27 14:00:00,7.209075895740977,False
Sensor_640,2024-01-27 15:00:00,9.377194853201097,True
Sensor_641,2024-01-27 16:00:00,3.5810812174883315,True
Sensor_642,2024-01-27 17:00:00,7.1910842162012685,False
Sensor_643,2024-01-27 18:00:00,1.183882558478791,False
Sensor_644,2024-01-27 19:00:00,7.624702869932288,True
Sensor_645,2024-01-27 20:00:00,8.551229395601803,False
Sensor_646,2024-01-27 21:00:00,2.031205422607732,False
Sensor_647,2024-01-27 22:00:00,8.52540145788773,False
Sensor_648,2024-01-27 23:00:00,6.452286205624124,False
Sensor_649,2024-01-28 00:00:00,1.2856021490956002,False
Sensor_650,2024-01-28 01:00:00,2.254613622776093,False
Sensor_651,2024-01-28 02:00:00,7.329446723375664,True
Sensor_652,2024-01-28 03:00:00,6.765954546819001,False
Sensor_653,2024-01-28 04:00:00,1.6281593586964997,True
Sensor_654,2024-01-28 05:00:00,8.707836785487029,False
Sensor_655,2024-01-28 06:00:00,4.614764516117608,False
Sensor_656,2024-01-28 07:00:00,1.3496256295753033,False
Sensor_657,2024-01-28 08:00:00,6.7682663097091185,False
Sensor_658,2024-01-28 09:00:00,1.7001969880666674,True
Sensor_659,2024-01-28 10:00:00,6.227007490634224,False
Sensor_660,2024-01-28 11:00:00,0.8362236616205917,False
Sensor_661,2024-01-28 12:00:00,4.310673424762477,False
Sensor_662,2024-01-28 13:00:00,4.491703200572562,False
Sensor_663,2024-01-28 14:00:00,0.9548939743872489,True
Sensor_664,2024-01-28 15:00:00,3.334734676093748,False
Sensor_665,2024-01-28 16:00:00,7.794018992322548,False
Sensor_666,2024-01-28 17:00:00,2.13257691059342,False
Sensor_667,2024-01-28 18:00:00,9.719055527401437,True
Sensor_668,2024-01-28 19:00:00,9.422568466158543,False
Sensor_669,2024-01-28 20:00:00,6.477781201524992,False
Sensor_670,2024-01-28 21:00:00,5.186848406535886,False
Sensor_671,2024-01-28 22:00:00,5.31534243212848,False
Sensor_672,2024-01-28 23:00:00,1.1049490782240186,False
Sensor_673,2024-01-29 00:00:00,2.480540038124773,True
Sensor_674,2024-01-29 01:00:00,6.312282785755684,False
Sensor_675,2024-01-29 02:00:00,5.12524784098793,True
Sensor_676,2024-01-29 03:00:00,4.334616439399046,False
Sensor_677,2024-01-29 04:00:00,3.605026455652695,True
Sensor_678,2024-01-29 05:00:00,7.713916155758288,False
Sensor_679,2024-01-29 06:00:00,5.959114839975211,True
Sensor_680,2024-01-29 07:00:00,3.3911367971547826,False
Sensor_681,2024-01-29 08:00:00,8.296552530325686,True
Sensor_682,2024-01-29 09:00:00,2.901252681610571,False
Sensor_683,2024-01-29 10:00:00,9.080907552901321,False
Sensor_684,2024-01-29 11:00:00,0.8744284677251845,False
Sensor_685,2024-01-29 12:00:00,6.624430822825762,False
Sensor_686,2024-01-29 13:00:00,3.613038792777768,False
Sensor_687,2024-01-29 14:00:00,3.121939189909779,True
Sensor_688,2024-01-29 15:00:00,5.57602005432399,False
Sensor_689,2024-01-29 16:00:00,3.4792171319635004,False
Sensor_690,2024-01-29 17:00:00,5.441952082550253,True
Sensor_691,2024-01-29 18:00:00,6.004239381940401,False
Sensor_692,2024-01-29 19:00:00,3.3740426944400306,False
Sensor_693,2024-01-29 20:00:00,9.44784289116871,True
Sensor_694,2024-01-29 21:00:00,0.935079793657549,False
Sensor_695,2024-01-29 22:00:00,0.8665275079105743,False
Sensor_696,2024-01-29 23:00:00,5.3908570495691235,True
Sensor_697,2024-01-30 00:00:00,5.726568445759774,False
Sensor_698,2024-01-30 01:00:00,9.22899815182486,False
Sensor_699,2024-01-30 02:00:00,1.035280981553505,False
Sensor_700,2024-01-30 03:00:00,3.446345817484687,True
Sensor_701,2024-01-30 04:00:00,9.0248706011531,False
Sensor_702,2024-01-30 05:00:00,0.7907050440390945,False
Sensor_703,2024-01-30 06:00:00,5.435849996044157,True
Sensor_704,2024-01-30 07:00:00,2.7529698407484515,True
Sensor_705,2024-01-30 08:00:00,0.518166344557355,False
Sensor_706,2024-01-30 09:00:00,8.166033029608812,False
Sensor_707,2024-01-30 10:00:00,7.169765139998539,False
Sensor_708,2024-01-30 11:00:00,8.499791919230628,True
Sensor_709,2024-01-30 12:00:00,6.6426714449204,False
Sensor_710,2024-01-30 13:00:00,9.848730773559735,True
Sensor_711,2024-01-30 14:00:00,8.341611853664372,False
Sensor_712,2024-01-30 15:00:00,1.0839572601687983,False
Sensor_713,2024-01-30 16:00:00,0.607212809529923,False
Sensor_714,2024-01-30 17:00:00,2.662189850475819,False
Sensor_715,2024-01-30 18:00:00,4.846462623629469,False
Sensor_716,2024-01-30 19:00:00,1.5557344869665533,True
Sensor_717,2024-01-30 20:00:00,7.503974355161587,True
Sensor_718,2024-01-30 21:00:00,2.169992745630054,False
Sensor_719,2024-01-30 22:00:00,1.7795753920075674,False
Sensor_720,2024-01-30 23:00:00,5.65892005228299,False
Sensor_721,2024-01-31 00:00:00,9.409838441015426,False
Sensor_722,2024-01-31 01:00:00,6.468240157605862,False
Sensor_723,2024-01-31 02:00:00,8.258285526124126,False
Sensor_724,2024-01-31 03:00:00,8.122080413979136,True
Sensor_725,2024-01-31 04:00:00,3.291242137347258,False
Sensor_726,2024-01-31 05:00:00,9.857867472651423,False
Sensor_727,2024-01-31 06:00:00,9.094750820654664,True
Sensor_728,2024-01-31 07:00:00,6.0470562988138505,True
Sensor_729,2024-01-31 08:00:00,4.685503167686632,False
Sensor_730,2024-01-31 09:00:00,6.160250747962491,False
Sensor_731,2024-01-31 10:00:00,9.833737284693175,False
Sensor_732,2024-01-31 11:00:00,7.50173761321632,True
Sensor_733,2024-01-31 12:00:00,9.770131273119022,False
Sensor_734,2024-01-31 13:00:00,2.1195669742173364,False
Sensor_735,2024-01-31 14:00:00,9.18701864125479,False
Sensor_736,2024-01-31 15:00:00,5.334244672680938,True
Sensor_737,2024-01-31 16:00:00,3.7794356205108555,True
Sensor_738,2024-01-31 17:00:00,4.229853801471917,False
Sensor_739,2024-01-31 18:00:00,3.8729590000241605,False
Sensor_740,2024-01-31 19:00:00,3.0032866791858828,False
Sensor_741,2024-01-31 20:00:00,1.3892339607413793,False
Sensor_742,2024-01-31 21:00:00,9.36041789083678,True
Sensor_743,2024-01-31 22:00:00,3.167056173558821,True
Sensor_744,2024-01-31 23:00:00,4.134945568759205,True
Sensor_745,2024-02-01 00:00:00,3.6025692253027914,False
Sensor_746,2024-02-01 01:00:00,3.8409594596478276,True
Sensor_747,2024-02-01 02:00:00,7.050833836312853,True
Sensor_748,2024-02-01 03:00:00,4.238895901757131,False
Sensor_749,2024-02-01 04:00:00,5.765099580345093,False
Sensor_750,2024-02-01 05:00:00,5.278803090564208,False
Sensor_751,2024-02-01 06:00:00,2.0351404914206253,True
Sensor_752,2024-02-01 07:00:00,4.733826870644565,True
Sensor_753,2024-02-01 08:00:00,6.345557982550501,True
Sensor_754,2024-02-01 09:00:00,1.927883567399505,False
Sensor_755,2024-02-01 10:00:00,4.353269749316277,False
Sensor_756,2024-02-01 11:00:00,3.078314012148317,False
Sensor_757,2024-02-01 12:00:00,1.2382399488462497,False
Sensor_758,2024-02-01 13:00:00,8.684334412306473,False
Sensor_759,2024-02-01 14:00:00,2.7783994541455255,False
Sensor_760,2024-02-01 15:00:00,5.387578909222796,True
Sensor_761,2024-02-01 16:00:00,6.6603067815522525,False
Sensor_762,2024-02-01 17:00:00,6.5859699483314555,False
Sensor_763,2024-02-01 18:00:00,4.512107845707645,False
Sensor_764,2024-02-01 19:00:00,5.227986248633234,True
Sensor_765,2024-02-01 20:00:00,5.499855626910245,False
Sensor_766,2024-02-01 21:00:00,5.622359263011385,False
Sensor_767,2024-02-01 22:00:00,2.0192250707088517,False
Sensor_768,2024-02-01 23:00:00,3.4095135411650244,True
Sensor_769,2024-02-02 00:00:00,5.863674002381231,True
Sensor_770,2024-02-02 01:00:00,0.7792874767745153,False
Sensor_771,2024-02-02 02:00:00,7.509408820549619,False
Sensor_772,2024-02-02 03:00:00,3.760535755498356,True
Sensor_773,2024-02-02 04:00:00,6.784220862595291,False
Sensor_774,2024-02-02 05:00:00,9.494554526615904,False
Sensor_775,2024-02-02 06:00:00,4.713026773678208,True
Sensor_776,2024-02-02 07:00:00,8.895593684454777,False
Sensor_777,2024-02-02 08:00:00,9.156281786831393,True
Sensor_778,2024-02-02 09:00:00,2.1126192023290424,False
Sensor_779,2024-02-02 10:00:00,3.376443874661376,True
Sensor_780,2024-02-02 11:00:00,7.712757918726033,False
Sensor_781,2024-02-02 12:00:00,6.548553934596344,False
Sensor_782,2024-02-02 13:00:00,9.775426025009853,False
Sensor_783,2024-02-02 14:00:00,9.453799907830003,False
Sensor_784,2024-02-02 15:00:00,0.6770494611299775,False
Sensor_785,2024-02-02 16:00:00,9.774009802658567,False
Sensor_786,2024-02-02 17:00:00,0.5845814407757376,True
Sensor_787,2024-02-02 18:00:00,8.329216785600153,False
Sensor_788,2024-02-02 19:00:00,4.166935254537012,False
Sensor_789,2024-02-02 20:00:00,6.938884241861567,False
Sensor_790,2024-02-02 21:00:00,9.706227813025311,False
Sensor_791,2024-02-02 22:00:00,9.371282750921697,False
Sensor_792,2024-02-02 23:00:00,6.074560193308909,False
Sensor_793,2024-02-03 00:00:00,5.082367955063468,False
Sensor_794,2024-02-03 01:00:00,4.185517655662543,False
Sensor_795,2024-02-03 02:00:00,1.5358787452489837,False
Sensor_796,2024-02-03 03:00:00,8.692526656295794,True
Sensor_797,2024-02-03 04:00:00,3.7848787940100634,True
Sensor_798,2024-02-03 05:00:00,6.949316074570876,False
Sensor_799,2024-02-03 06:00:00,9.109375370995167,False
Sensor_800,2024-02-03 07:00:00,3.285222356922133,True
Sensor_801,2024-02-03 08:00:00,9.727485698959814,False
Sensor_802,2024-02-03 09:00:00,4.098758698301154,False
Sensor_803,2024-02-03 10:00:00,1.3104888442350056,False
Sensor_804,2024-02-03 11:00:00,2.1949238619433866,False
Sensor_805,2024-02-03 12:00:00,4.578753656518204,True
Sensor_806,2024-02-03 13:00:00,5.042352033816069,False
Sensor_807,2024-02-03 14:00:00,6.690222638610945,True
Sensor_808,2024-02-03 15:00:00,9.740096399131703,True
Sensor_809,2024-02-03 16:00:00,1.3073956279868386,True
Sensor_810,2024-02-03 17:00:00,9.427855389645783,False
Sensor_811,2024-02-03 18:00:00,4.406784268267344,True
Sensor_812,2024-02-03 19:00:00,5.478390402757477,False
Sensor_813,2024-02-03 20:00:00,2.2879456754880856,False
Sensor_814,2024-02-03 21:00:00,7.047635329119896,False
Sensor_815,2024-02-03 22:00:00,1.0745027965531708,False
Sensor_816,2024-02-03 23:00:00,2.7323686811213164,True
Sensor_817,2024-02-04 00:00:00,1.9685523412751271,False
Sensor_818,2024-02-04 01:00:00,6.300445734579264,False
Sensor_819,2024-02-04 02:00:00,3.5263979302979904,False
Sensor_820,2024-02-04 03:00:00,8.787568583117908,True
Sensor_821,2024-02-04 04:00:00,9.146209527316547,False
Sensor_822,2024-02-04 05:00:00,4.533083930807265,False
Sensor_823,2024-02-04 06:00:00,8.606745564255085,False
Sensor_824,2024-02-04 07:00:00,6.0556272507292235,True
Sensor_825,2024-02-04 08:00:00,3.9289188379855804,False
Sensor_826,2024-02-04 09:00:00,2.504091958657912,False
Sensor_827,2024-02-04 10:00:00,8.030999353043537,False
Sensor_828,2024-02-04 11:00:00,5.708434776974486,False
Sensor_829,2024-02-04 12:00:00,2.0311259044269816,True
Sensor_830,2024-02-04 13:00:00,2.5003164475529305,True
Sensor_831,2024-02-04 14:00:00,2.3750713570159565,True
Sensor_832,2024-02-04 15:00:00,5.949642842887081,False
Sensor_833,2024-02-04 16:00:00,0.7121807766605588,True
Sensor_834,2024-02-04 17:00:00,8.124145950725907,False
Sensor_835,2024-02-04 18:00:00,3.406617194982458,False
Sensor_836,2024-02-04 19:00:00,2.7615148695086678,True
Sensor_837,2024-02-04 20:00:00,4.12764757524651,True
Sensor_838,2024-02-04 21:00:00,3.847247196956733,True
Sensor_839,2024-02-04 22:00:00,5.224893581593272,False
Sensor_840,2024-02-04 23:00:00,2.142172218629709,False
Sensor_841,2024-02-05 00:00:00,6.1426838030998985,False
Sensor_842,2024-02-05 01:00:00,1.5593604786826059,False
Sensor_843,2024-02-05 02:00:00,4.923557934176198,False
Sensor_844,2024-02-05 03:00:00,2.6815169943998005,False
Sensor_845,2024-02-05 04:00:00,4.5753010291453675,False
Sensor_846,2024-02-05 05:00:00,4.934317864642364,False
Sensor_847,2024-02-05 06:00:00,6.991092465889368,False
Sensor_848,2024-02-05 07:00:00,7.420621639795038,False
Sensor_849,2024-02-05 08:00:00,8.101020040439664,False
Sensor_850,2024-02-05 09:00:00,5.342423876952348,False
Sensor_851,2024-02-05 10:00:00,9.328239886981816,False
Sensor_852,2024-02-05 11:00:00,5.731376412271093,False
Sensor_853,2024-02-05 12:00:00,1.5451756546557587,True
Sensor_854,2024-02-05 13:00:00,5.142327706278831,False
Sensor_855,2024-02-05 14:00:00,8.394750408359487,True
Sensor_856,2024-02-05 15:00:00,0.8498426451124996,True
Sensor_857,2024-02-05 16:00:00,5.21426704314932,False
Sensor_858,2024-02-05 17:00:00,6.1258728598488315,True
Sensor_859,2024-02-05 18:00:00,5.382020083819024,False
Sensor_860,2024-02-05 19:00:00,4.520707370069694,False
Sensor_861,2024-02-05 20:00:00,2.6599436343933935,True
Sensor_862,2024-02-05 21:00:00,5.496313765288862,False
Sensor_863,2024-02-05 22:00:00,0.9587700924902697,True
Sensor_864,2024-02-05 23:00:00,9.55962178148475,False
Sensor_865,2024-02-06 00:00:00,5.924184132811557,False
Sensor_866,2024-02-06 01:00:00,5.177475311625759,False
Sensor_867,2024-02-06 02:00:00,0.7725913810696714,False
Sensor_868,2024-02-06 03:00:00,6.028976119287267,False
Sensor_869,2024-02-06 04:00:00,5.983493309369161,False
Sensor_870,2024-02-06 05:00:00,5.564937860689797,True
Sensor_871,2024-02-06 06:00:00,8.762226514281915,False
Sensor_872,2024-02-06 07:00:00,9.096095722126108,False
Sensor_873,2024-02-06 08:00:00,2.3599341063727914,False
Sensor_874,2024-02-06 09:00:00,8.99486425599207,False
Sensor_875,2024-02-06 10:00:00,3.0932867918321785,False
Sensor_876,2024-02-06 11:00:00,5.175314662628907,False
Sensor_877,2024-02-06 12:00:00,7.796898301409659,False
Sensor_878,2024-02-06 13:00:00,4.855237455364491,False
Sensor_879,2024-02-06 14:00:00,6.007477915320532,True
Sensor_880,2024-02-06 15:00:00,9.591180577252972,False
Sensor_881,2024-02-06 16:00:00,2.37789657448051,False
Sensor_882,2024-02-06 17:00:00,9.244979788400906,False
Sensor_883,2024-02-06 18:00:00,7.796987780500604,False
Sensor_884,2024-02-06 19:00:00,6.817348139285885,False
Sensor_885,2024-02-06 20:00:00,4.224992930906817,False
Sensor_886,2024-02-06 21:00:00,0.7210319407276158,False
Sensor_887,2024-02-06 22:00:00,8.979293859692039,False
Sensor_888,2024-02-06 23:00:00,3.1277575488100884,False
Sensor_889,2024-02-07 00:00:00,5.869038069365499,False
Sensor_890,2024-02-07 01:00:00,0.5255221367311819,False
Sensor_891,2024-02-07 02:00:00,9.516808492706518,True
Sensor_892,2024-02-07 03:00:00,8.827001115496513,False
Sensor_893,2024-02-07 04:00:00,5.536265091280729,True
Sensor_894,2024-02-07 05:00:00,8.134297676962486,False
Sensor_895,2024-02-07 06:00:00,0.9632855216754306,True
Sensor_896,2024-02-07 07:00:00,5.265168137987418,True
Sensor_897,2024-02-07 08:00:00,6.823946743151378,True
Sensor_898,2024-02-07 09:00:00,2.2726915703640653,True
Sensor_899,2024-02-07 10:00:00,1.1088296692114041,False
Sensor_900,2024-02-07 11:00:00,4.258679954662092,False
Sensor_901,2024-02-07 12:00:00,1.099307002786972,False
Sensor_902,2024-02-07 13:00:00,4.53826552721009,True
Sensor_903,2024-02-07 14:00:00,5.6919630621911175,False
Sensor_904,2024-02-07 15:00:00,6.308741922510374,False
Sensor_905,2024-02-07 16:00:00,8.987644266529179,False
Sensor_906,2024-02-07 17:00:00,3.187980827533634,False
Sensor_907,2024-02-07 18:00:00,3.3000611504927697,False
Sensor_908,2024-02-07 19:00:00,8.835964575344043,False
Sensor_909,2024-02-07 20:00:00,5.653258286025018,True
Sensor_910,2024-02-07 21:00:00,6.577643323149631,True
Sensor_911,2024-02-07 22:00:00,3.3021377739745312,False
Sensor_912,2024-02-07 23:00:00,2.5743425824193276,False
Sensor_913,2024-02-08 00:00:00,6.599811871754509,False
Sensor_914,2024-02-08 01:00:00,4.013155114982887,False
Sensor_915,2024-02-08 02:00:00,3.8811077061636827,False
Sensor_916,2024-02-08 03:00:00,7.623463899052611,False
Sensor_917,2024-02-08 04:00:00,6.839084236225284,False
Sensor_918,2024-02-08 05:00:00,9.266168181975228,False
Sensor_919,2024-02-08 06:00:00,5.445946013518725,False
Sensor_920,2024-02-08 07:00:00,3.984970666952192,False
Sensor_921,2024-02-08 08:00:00,9.831895202398604,True
Sensor_922,2024-02-08 09:00:00,6.741964880723472,False
Sensor_923,2024-02-08 10:00:00,6.158114527198515,True
Sensor_924,2024-02-08 11:00:00,4.560746661945481,False
Sensor_925,2024-02-08 12:00:00,0.8505880487536581,True
Sensor_926,2024-02-08 13:00:00,9.30222430385018,False
Sensor_927,2024-02-08 14:00:00,4.153683840608705,False
Sensor_928,2024-02-08 15:00:00,4.13919929658498,False
Sensor_929,2024-02-08 16:00:00,8.644207690500537,True
Sensor_930,2024-02-08 17:00:00,1.0221437774521538,False
Sensor_931,2024-02-08 18:00:00,8.800824993225945,False
Sensor_932,2024-02-08 19:00:00,7.334094347852501,False
Sensor_933,2024-02-08 20:00:00,8.917277064442048,False
Sensor_934,2024-02-08 21:00:00,7.21991738965658,False
Sensor_935,2024-02-08 22:00:00,8.887404590415294,False
Sensor_936,2024-02-08 23:00:00,8.799791178937438,False
Sensor_937,2024-02-09 00:00:00,7.433501334651592,False
Sensor_938,2024-02-09 01:00:00,7.279349728298121,True
Sensor_939,2024-02-09 02:00:00,5.479383637611076,False
Sensor_940,2024-02-09 03:00:00,9.666045793227052,True
Sensor_941,2024-02-09 04:00:00,3.94423278934735,False
Sensor_942,2024-02-09 05:00:00,5.151286890266547,False
Sensor_943,2024-02-09 06:00:00,1.5830686658677093,False
Sensor_944,2024-02-09 07:00:00,4.959282910594657,False
Sensor_945,2024-02-09 08:00:00,5.297122330874116,False
Sensor_946,2024-02-09 09:00:00,8.107320985856521,False
Sensor_947,2024-02-09 10:00:00,8.818237078641053,True
Sensor_948,2024-02-09 11:00:00,4.774156672650766,True
Sensor_949,2024-02-09 12:00:00,5.473765255636773,False
Sensor_950,2024-02-09 13:00:00,8.723566093940265,True
Sensor_951,2024-02-09 14:00:00,2.613262560484099,True
Sensor_952,2024-02-09 15:00:00,1.5941799613124321,False
Sensor_953,2024-02-09 16:00:00,3.321698819133951,False
Sensor_954,2024-02-09 17:00:00,6.9565186764231415,False
Sensor_955,2024-02-09 18:00:00,7.546678718394176,False
Sensor_956,2024-02-09 19:00:00,4.556311257402302,True
Sensor_957,2024-02-09 20:00:00,1.748927509373407,False
Sensor_958,2024-02-09 21:00:00,6.4440827537743886,False
Sensor_959,2024-02-09 22:00:00,5.778825644634742,True
Sensor_960,2024-02-09 23:00:00,8.63712193073861,False
Sensor_961,2024-02-10 00:00:00,8.554212555226796,True
Sensor_962,2024-02-10 01:00:00,4.992528148828226,False
Sensor_963,2024-02-10 02:00:00,1.0129447066892552,False
Sensor_964,2024-02-10 03:00:00,9.356304821245217,True
Sensor_965,2024-02-10 04:00:00,2.587240191961155,False
Sensor_966,2024-02-10 05:00:00,0.591083140031244,False
Sensor_967,2024-02-10 06:00:00,1.3940197472461464,False
Sensor_968,2024-02-10 07:00:00,6.094062362019708,False
Sensor_969,2024-02-10 08:00:00,5.198955947211185,True
Sensor_970,2024-02-10 09:00:00,2.2806417266873247,True
Sensor_971,2024-02-10 10:00:00,8.055763658090862,True
Sensor_972,2024-02-10 11:00:00,2.3124326032298583,False
Sensor_973,2024-02-10 12:00:00,1.5112257629275754,True
Sensor_974,2024-02-10 13:00:00,0.9752934754895853,True
Sensor_975,2024-02-10 14:00:00,1.693020417429067,False
Sensor_976,2024-02-10 15:00:00,6.33978875100286,False
Sensor_977,2024-02-10 16:00:00,4.518467587685806,False
Sensor_978,2024-02-10 17:00:00,6.521222053303131,False
Sensor_979,2024-02-10 18:00:00,0.5870046656541662,False
Sensor_980,2024-02-10 19:00:00,3.7260542839570463,False
Sensor_981,2024-02-10 20:00:00,2.6236963081550186,False
Sensor_982,2024-02-10 21:00:00,4.365116490243119,False
Sensor_983,2024-02-10 22:00:00,2.448505984684004,False
Sensor_984,2024-02-10 23:00:00,0.6101661570120573,False
Sensor_985,2024-02-11 00:00:00,3.759833772703189,True
Sensor_986,2024-02-11 01:00:00,9.37586751027643,True
Sensor_987,2024-02-11 02:00:00,4.596701699735587,False
Sensor_988,2024-02-11 03:00:00,8.102567067773542,False
Sensor_989,2024-02-11 04:00:00,3.2572228915539796,False
Sensor_990,2024-02-11 05:00:00,9.166642183468557,True
Sensor_991,2024-02-11 06:00:00,9.050653556982446,True
Sensor_992,2024-02-11 07:00:00,7.839442575584331,True
Sensor_993,2024-02-11 08:00:00,5.936903071719551,False
Sensor_994,2024-02-11 09:00:00,6.783157660739467,False
Sensor_995,2024-02-11 10:00:00,0.6249848642846116,False
Sensor_996,2024-02-11 11:00:00,6.035583108468019,True
Sensor_997,2024-02-11 12:00:00,8.78952179594197,True
Sensor_998,2024-02-11 13:00:00,8.511627037565571,False
Sensor_999,2024-02-11 14:00:00,2.552551752706288,True
Sensor_1000,2024-02-11 15:00:00,7.175972706097636,False
